stamp,x,y,z,qx,qy,qz,qw
1.788340663449690819e+09,2.622831873054193519e+00,7.276995093952683957e-01,0.000000000000000000e+00,0.000000000000000000e+00,0.000000000000000000e+00,2.958482053792598765e-01,9.552349655314504862e-01
1.788340663749799967e+09,2.618683609167723247e+00,7.250645640813270232e-01,0.000000000000000000e+00,0.000000000000000000e+00,0.000000000000000000e+00,2.960052762260192427e-01,9.551863045743265168e-01
1.788340663849811554e+09,4.138834713970059198e+00,1.225341103497778139e+00,0.000000000000000000e+00,0.000000000000000000e+00,0.000000000000000000e+00,1.003572701526532218e-01,9.949514653125081098e-01
1.788340663949859142e+09,4.267093165966084456e+00,1.258757976886747398e+00,0.000000000000000000e+00,0.000000000000000000e+00,0.000000000000000000e+00,6.068562825432826519e-02,9.981569288059755074e-01
1.788340664049648762e+09,4.185176739924218126e+00,1.237074703345749427e+00,0.000000000000000000e+00,0.000000000000000000e+00,0.000000000000000000e+00,4.033282771367748681e-02,9.991863004508311219e-01
1.788340664149779081e+09,4.174929649098891637e+00,1.233699500743748123e+00,0.000000000000000000e+00,0.000000000000000000e+00,0.000000000000000000e+00,4.079335612447881898e-02,9.991676046070057104e-01
1.788340664249769449e+09,4.170339055873519385e+00,1.231997891764227804e+00,0.000000000000000000e+00,0.000000000000000000e+00,0.000000000000000000e+00,4.104142098261120281e-02,9.991574459331863389e-01
1.788340664349997520e+09,3.881149658583182394e+00,1.061724709119710841e+00,0.000000000000000000e+00,0.000000000000000000e+00,0.000000000000000000e+00,1.176988154495272332e-01,9.930493385737578782e-01
1.788340664449842453e+09,3.834343106798462131e+00,1.001309219177224596e+00,0.000000000000000000e+00,0.000000000000000000e+00,0.000000000000000000e+00,1.641298045652055115e-01,9.864387498742065441e-01
1.788340664549766302e+09,3.843809966814952350e+00,1.005826020758866290e+00,0.000000000000000000e+00,0.000000000000000000e+00,0.000000000000000000e+00,1.632234422503927584e-01,9.865891282088673497e-01
1.788340664649835348e+09,3.848087790413814435e+00,1.008367837597240690e+00,0.000000000000000000e+00,0.000000000000000000e+00,0.000000000000000000e+00,1.627775128161876861e-01,9.866628002115900298e-01
1.788340664749755621e+09,3.597683521070039525e+00,8.957887085615231504e-01,0.000000000000000000e+00,0.000000000000000000e+00,0.000000000000000000e+00,2.273176274402920194e-01,9.738206694535276320e-01
1.788340664849773645e+09,3.473263373650086194e+00,9.823985661573267913e-01,0.000000000000000000e+00,0.000000000000000000e+00,0.000000000000000000e+00,2.207843508783623732e-01,9.753226493869709968e-01
1.788340664949761391e+09,3.468720993889096604e+00,1.009764169193983818e+00,0.000000000000000000e+00,0.000000000000000000e+00,0.000000000000000000e+00,1.921474418181833010e-01,9.813660686016852930e-01
1.788340665049797297e+09,3.553147588988819106e+00,9.789577108846232445e-01,0.000000000000000000e+00,0.000000000000000000e+00,0.000000000000000000e+00,1.611789655848371028e-01,9.869251952670992090e-01
1.788340665149703741e+09,3.698525771689611386e+00,9.168621907979789265e-01,0.000000000000000000e+00,0.000000000000000000e+00,0.000000000000000000e+00,1.348704474268283271e-01,9.908632410231431598e-01
1.788340665249806404e+09,3.841385945515541245e+00,8.637924909745442470e-01,0.000000000000000000e+00,0.000000000000000000e+00,0.000000000000000000e+00,1.053740710875230441e-01,9.944326549055203524e-01
1.788340665349711895e+09,3.923847251581365825e+00,8.392812283740951340e-01,0.000000000000000000e+00,0.000000000000000000e+00,0.000000000000000000e+00,7.537827469508248668e-02,9.971550108704225757e-01
1.788340665449744225e+09,3.937641753546362811e+00,8.563611527847526661e-01,0.000000000000000000e+00,0.000000000000000000e+00,0.000000000000000000e+00,5.238858333132703771e-02,9.986267752952233678e-01
1.788340665549655914e+09,3.946428400745927156e+00,8.463948952660200753e-01,0.000000000000000000e+00,0.000000000000000000e+00,0.000000000000000000e+00,1.021089488049347835e-02,9.999478674539685752e-01
1.788340665649723530e+09,3.945759962373094343e+00,8.474389670280856324e-01,0.000000000000000000e+00,0.000000000000000000e+00,0.000000000000000000e+00,1.015488661220560924e-02,9.999484378096168413e-01
1.788340665749669552e+09,3.945446525821243888e+00,8.479206690123869405e-01,0.000000000000000000e+00,0.000000000000000000e+00,0.000000000000000000e+00,1.013639036236848277e-02,9.999486254755399761e-01
1.788340665949731112e+09,3.849567992578465159e+00,6.504951128848629471e-01,0.000000000000000000e+00,0.000000000000000000e+00,0.000000000000000000e+00,-1.291271163123484389e-01,9.916280491357921667e-01
1.788340666249739647e+09,3.670642723010664632e+00,4.379855049076616380e-01,0.000000000000000000e+00,0.000000000000000000e+00,0.000000000000000000e+00,-2.038286481767101199e-01,9.790065792334875505e-01
1.788340666549729109e+09,3.636844234294548617e+00,4.041386765313048635e-01,0.000000000000000000e+00,0.000000000000000000e+00,0.000000000000000000e+00,-2.554433210893767847e-01,9.668240324437687994e-01
1.788340666849728346e+09,3.559934924666963596e+00,5.893820195029066955e-01,0.000000000000000000e+00,0.000000000000000000e+00,0.000000000000000000e+00,-2.678409844069546408e-01,9.634631321809430382e-01
1.788340667049647093e+09,3.511826176985540116e+00,8.249500879760266470e-01,0.000000000000000000e+00,0.000000000000000000e+00,0.000000000000000000e+00,-2.393439696772840797e-01,9.709348403364249647e-01
1.788340667249713421e+09,3.403298232442135252e+00,1.098601114236887888e+00,0.000000000000000000e+00,0.000000000000000000e+00,0.000000000000000000e+00,-1.807921702598051517e-01,9.835213221749439239e-01
1.788340667549639463e+09,3.133364536664427824e+00,1.577959479952912414e+00,0.000000000000000000e+00,0.000000000000000000e+00,0.000000000000000000e+00,-7.753259785998115050e-02,9.969898175353059111e-01
1.788340667649347782e+09,3.134236740142278155e+00,1.576637433355684292e+00,0.000000000000000000e+00,0.000000000000000000e+00,0.000000000000000000e+00,-7.752202544689060226e-02,9.969906396604791832e-01
1.788340667749696732e+09,3.134222721879173612e+00,1.576305816233822821e+00,0.000000000000000000e+00,0.000000000000000000e+00,0.000000000000000000e+00,-7.752608772355429334e-02,9.969903237856824196e-01
1.788340667849700928e+09,2.608515988192568358e+00,2.101979195721603855e+00,0.000000000000000000e+00,0.000000000000000000e+00,0.000000000000000000e+00,1.687158847869358463e-02,9.998576646214228925e-01
1.788340667949725389e+09,2.608037972404914751e+00,2.100019408826854228e+00,0.000000000000000000e+00,0.000000000000000000e+00,0.000000000000000000e+00,1.662454203011626969e-02,9.998618027519048379e-01
1.788340668049722195e+09,2.080774826805336097e+00,2.403782668948790668e+00,0.000000000000000000e+00,0.000000000000000000e+00,0.000000000000000000e+00,7.079049247392020516e-02,9.974912060641435430e-01
1.788340668149667025e+09,2.080620387065774679e+00,2.404264252250716716e+00,0.000000000000000000e+00,0.000000000000000000e+00,0.000000000000000000e+00,7.041016103857070108e-02,9.975181247589052225e-01
1.788340668249858379e+09,1.659027203384055849e+00,2.571408804044111651e+00,0.000000000000000000e+00,0.000000000000000000e+00,0.000000000000000000e+00,1.312515412784246438e-01,9.913490973981052834e-01
1.788340668349717379e+09,1.666528487768638378e+00,2.572314330564541063e+00,0.000000000000000000e+00,0.000000000000000000e+00,0.000000000000000000e+00,1.312386015474107936e-01,9.913508104923703934e-01
1.788340668449680567e+09,1.669780618337899369e+00,2.573055912153191294e+00,0.000000000000000000e+00,0.000000000000000000e+00,0.000000000000000000e+00,1.312342945428411345e-01,9.913513806596744304e-01
1.788340668549690247e+09,1.211284918969157465e+00,2.686557450049132267e+00,0.000000000000000000e+00,0.000000000000000000e+00,0.000000000000000000e+00,2.353911922693295300e-01,9.719007082012152132e-01
1.788340668649750471e+09,1.100100050262470486e+00,2.658624487311659124e+00,0.000000000000000000e+00,0.000000000000000000e+00,0.000000000000000000e+00,2.602414005777438644e-01,9.655435844255474409e-01
1.788340668749800444e+09,1.012308459974088581e+00,2.643830296185447626e+00,0.000000000000000000e+00,0.000000000000000000e+00,0.000000000000000000e+00,2.905901759567608433e-01,9.568476104570772245e-01
1.788340668849841595e+09,9.415489134870471677e-01,2.649003326526370827e+00,0.000000000000000000e+00,0.000000000000000000e+00,0.000000000000000000e+00,3.176861860570657226e-01,9.481959118180776080e-01
1.788340668949718237e+09,8.642312281168708088e-01,2.657213488150368619e+00,0.000000000000000000e+00,0.000000000000000000e+00,0.000000000000000000e+00,3.395875067302798755e-01,9.405744655649078689e-01
1.788340669049692154e+09,7.828861832752362915e-01,2.676630998556194019e+00,0.000000000000000000e+00,0.000000000000000000e+00,0.000000000000000000e+00,3.607646115419373412e-01,9.326569010407821381e-01
1.788340669149734974e+09,7.512792310562956821e-01,2.708824604403551106e+00,0.000000000000000000e+00,0.000000000000000000e+00,0.000000000000000000e+00,3.638423553628477580e-01,9.314605415389398679e-01
1.788340669249728441e+09,7.271746777371582704e-01,2.752497638148593051e+00,0.000000000000000000e+00,0.000000000000000000e+00,0.000000000000000000e+00,3.641315991211961922e-01,9.313475068530759904e-01
1.788340669349636316e+09,7.244642018548992368e-01,2.780760931343920550e+00,0.000000000000000000e+00,0.000000000000000000e+00,0.000000000000000000e+00,3.619455670915366352e-01,9.321992310996538578e-01
1.788340669449859381e+09,7.378943296816731223e-01,2.781903234921870194e+00,0.000000000000000000e+00,0.000000000000000000e+00,0.000000000000000000e+00,3.631453267538888863e-01,9.317325107866587519e-01
1.788340669549707890e+09,7.315564311162232602e-01,2.767897504351266136e+00,0.000000000000000000e+00,0.000000000000000000e+00,0.000000000000000000e+00,3.641738816623234509e-01,9.313309744204774088e-01
1.788340669649683714e+09,7.048462518970000090e-01,2.752334329038461203e+00,0.000000000000000000e+00,0.000000000000000000e+00,0.000000000000000000e+00,3.834099845770047588e-01,9.235782499207423335e-01
1.788340669749717236e+09,6.557665943904288364e-01,2.740710386369471063e+00,0.000000000000000000e+00,0.000000000000000000e+00,0.000000000000000000e+00,4.230123424738466142e-01,9.061239198447357257e-01
1.788340669849719048e+09,6.207454667885976551e-01,2.746354380987110488e+00,0.000000000000000000e+00,0.000000000000000000e+00,0.000000000000000000e+00,4.630905125235980635e-01,8.863109935065859313e-01
1.788340669949867010e+09,6.076511274638364268e-01,2.751109939167494467e+00,0.000000000000000000e+00,0.000000000000000000e+00,0.000000000000000000e+00,4.756275924090096474e-01,8.796467434937783603e-01
1.788340670049729586e+09,6.266046628921245754e-01,2.736096103953741476e+00,0.000000000000000000e+00,0.000000000000000000e+00,0.000000000000000000e+00,4.630029854891953844e-01,8.863567201911948246e-01
1.788340670149682045e+09,6.772810973013915214e-01,2.716570614465081412e+00,0.000000000000000000e+00,0.000000000000000000e+00,0.000000000000000000e+00,4.265056177357241518e-01,9.044849131079348847e-01
1.788340670249667883e+09,7.324416508209794507e-01,2.722424280090533610e+00,0.000000000000000000e+00,0.000000000000000000e+00,0.000000000000000000e+00,3.832502217197200634e-01,9.236445569329067018e-01
1.788340670349671602e+09,7.650103540396959723e-01,2.745396382611609898e+00,0.000000000000000000e+00,0.000000000000000000e+00,0.000000000000000000e+00,3.423203811778929295e-01,9.395832888202206856e-01
1.788340670449729919e+09,7.831813138257349705e-01,2.747704853723789142e+00,0.000000000000000000e+00,0.000000000000000000e+00,0.000000000000000000e+00,3.118549938011547784e-01,9.501297084300026619e-01
1.788340670549829483e+09,7.615981406849429147e-01,2.761415971864956020e+00,0.000000000000000000e+00,0.000000000000000000e+00,0.000000000000000000e+00,3.173709080160440066e-01,9.483014851538891232e-01
1.788340670649764538e+09,7.345673685636915362e-01,2.755322402756931854e+00,0.000000000000000000e+00,0.000000000000000000e+00,0.000000000000000000e+00,3.153942156700503263e-01,9.489607414018104148e-01
1.788340670749685049e+09,7.659224679498207733e-01,2.747766409500714602e+00,0.000000000000000000e+00,0.000000000000000000e+00,0.000000000000000000e+00,2.934220654354805502e-01,9.559829975033952154e-01
1.788340670849676371e+09,8.026896704704250540e-01,2.761755407683654795e+00,0.000000000000000000e+00,0.000000000000000000e+00,0.000000000000000000e+00,2.709261658001234641e-01,9.626001312512085795e-01
1.788340670949713707e+09,8.551199989069997454e-01,2.792991060357341127e+00,0.000000000000000000e+00,0.000000000000000000e+00,0.000000000000000000e+00,2.373930846271388173e-01,9.714136726293347568e-01
1.788340671049801826e+09,9.184452748986284831e-01,2.832801789101086598e+00,0.000000000000000000e+00,0.000000000000000000e+00,0.000000000000000000e+00,1.958531151626472233e-01,9.806332430022383084e-01
1.788340671149633169e+09,9.846916734951826067e-01,2.867952617333047627e+00,0.000000000000000000e+00,0.000000000000000000e+00,0.000000000000000000e+00,1.502766285584710426e-01,9.886439879497065375e-01
1.788340671249733448e+09,1.083426504929258405e+00,2.900388617855586215e+00,0.000000000000000000e+00,0.000000000000000000e+00,0.000000000000000000e+00,9.524997569613542769e-02,9.954533852119272774e-01
1.788340671349842310e+09,1.174496597476145210e+00,2.930493335746106709e+00,0.000000000000000000e+00,0.000000000000000000e+00,0.000000000000000000e+00,3.710679663353881608e-02,9.993113056718596621e-01
1.788340671449667454e+09,1.252295204990567568e+00,2.943212651234397903e+00,0.000000000000000000e+00,0.000000000000000000e+00,0.000000000000000000e+00,-1.506426878620016098e-02,9.998865274649605395e-01
1.788340671549805880e+09,1.322696040760158898e+00,2.935598957062497849e+00,0.000000000000000000e+00,0.000000000000000000e+00,0.000000000000000000e+00,-7.109104943294360102e-02,9.974698304663267567e-01
1.788340671649844646e+09,1.384893009832951494e+00,2.933684168699146166e+00,0.000000000000000000e+00,0.000000000000000000e+00,0.000000000000000000e+00,-1.288091954570346753e-01,9.916693961022047255e-01
1.788340671749838352e+09,1.462936912510069964e+00,2.929211104661114895e+00,0.000000000000000000e+00,0.000000000000000000e+00,0.000000000000000000e+00,-1.834555607744800532e-01,9.830280042912923344e-01
1.788340671849817276e+09,1.556997574282784180e+00,2.920146434795348522e+00,0.000000000000000000e+00,0.000000000000000000e+00,0.000000000000000000e+00,-2.392566794448138801e-01,9.709563539835566193e-01
1.788340671949650526e+09,1.653399471119373354e+00,2.897908846850125730e+00,0.000000000000000000e+00,0.000000000000000000e+00,0.000000000000000000e+00,-2.931150052002452489e-01,9.560771902552952506e-01
1.788340672049655437e+09,1.747079064544359905e+00,2.851370016451288514e+00,0.000000000000000000e+00,0.000000000000000000e+00,0.000000000000000000e+00,-3.469528502230442291e-01,9.378825724588902846e-01
1.788340672149789572e+09,1.831156648180726876e+00,2.787183746275992302e+00,0.000000000000000000e+00,0.000000000000000000e+00,0.000000000000000000e+00,-4.001439572349783091e-01,9.164522974428793711e-01
1.788340672249814749e+09,1.892325370026098685e+00,2.729106691435904342e+00,0.000000000000000000e+00,0.000000000000000000e+00,0.000000000000000000e+00,-4.503466392371731630e-01,8.928537979578646810e-01
1.788340672349803209e+09,1.941547379502553294e+00,2.665591904967540948e+00,0.000000000000000000e+00,0.000000000000000000e+00,0.000000000000000000e+00,-4.999676401009758298e-01,8.660440859747621234e-01
1.788340672449773312e+09,1.984220492764146471e+00,2.596391618193063522e+00,0.000000000000000000e+00,0.000000000000000000e+00,0.000000000000000000e+00,-5.489300732505573155e-01,8.358682759150138919e-01
1.788340672549965858e+09,2.019868867249669631e+00,2.527811219781626040e+00,0.000000000000000000e+00,0.000000000000000000e+00,0.000000000000000000e+00,-5.935737550139548180e-01,8.047795955158366654e-01
1.788340672649815559e+09,2.043856346214344200e+00,2.468381938141394727e+00,0.000000000000000000e+00,0.000000000000000000e+00,0.000000000000000000e+00,-6.169710967281727410e-01,7.869858104197530180e-01
1.788340672749748230e+09,2.060833254729525166e+00,2.466595192955744142e+00,0.000000000000000000e+00,0.000000000000000000e+00,0.000000000000000000e+00,-6.195665188427262882e-01,7.849441564398741411e-01
1.788340672849662304e+09,2.064903172980226742e+00,2.475643265924969860e+00,0.000000000000000000e+00,0.000000000000000000e+00,0.000000000000000000e+00,-6.161071646481559583e-01,7.876623398825223221e-01
1.788340672949824333e+09,2.054245952680453957e+00,2.460152445204510041e+00,0.000000000000000000e+00,0.000000000000000000e+00,0.000000000000000000e+00,-6.144848899344151905e-01,7.889285899511371269e-01
1.788340673049794912e+09,2.054626113308218205e+00,2.467668587707485095e+00,0.000000000000000000e+00,0.000000000000000000e+00,0.000000000000000000e+00,-6.072374680091344734e-01,7.945203946066177192e-01
1.788340673149700880e+09,2.060982376356960355e+00,2.507000874896816001e+00,0.000000000000000000e+00,0.000000000000000000e+00,0.000000000000000000e+00,-5.875386216342848300e-01,8.091961246126210261e-01
1.788340673249800444e+09,2.054023985510407435e+00,2.557830222957683475e+00,0.000000000000000000e+00,0.000000000000000000e+00,0.000000000000000000e+00,-5.636925997851172099e-01,8.259846566053729022e-01
1.788340673349636316e+09,2.028762424771467732e+00,2.615090007146248841e+00,0.000000000000000000e+00,0.000000000000000000e+00,0.000000000000000000e+00,-5.349537746151273865e-01,8.448813283680894903e-01
1.788340673449704170e+09,1.989122980929834972e+00,2.684667049379087178e+00,0.000000000000000000e+00,0.000000000000000000e+00,0.000000000000000000e+00,-4.935805393783613826e-01,8.697000926451402547e-01
1.788340673549654484e+09,1.943114533268406774e+00,2.754143780090630322e+00,0.000000000000000000e+00,0.000000000000000000e+00,0.000000000000000000e+00,-4.503774881567855770e-01,8.928382373989054432e-01
1.788340673649777412e+09,1.893821674927936849e+00,2.795908223917617619e+00,0.000000000000000000e+00,0.000000000000000000e+00,0.000000000000000000e+00,-4.259103122881097714e-01,9.047653872063435854e-01
1.788340673749868631e+09,1.867138674172997392e+00,2.801014789026706531e+00,0.000000000000000000e+00,0.000000000000000000e+00,0.000000000000000000e+00,-4.154442858898343971e-01,9.096186263052694621e-01
1.788340673849783421e+09,1.850055248225648485e+00,2.795155199826784731e+00,0.000000000000000000e+00,0.000000000000000000e+00,0.000000000000000000e+00,-4.139677102450282087e-01,9.102915658592518611e-01
1.788340673949720860e+09,1.819808239450545040e+00,2.815582086295334907e+00,0.000000000000000000e+00,0.000000000000000000e+00,0.000000000000000000e+00,-4.093136553166298874e-01,9.123937371394758022e-01
1.788340674049690247e+09,1.775565692710311616e+00,2.862056069423135174e+00,0.000000000000000000e+00,0.000000000000000000e+00,0.000000000000000000e+00,-3.899996956118809144e-01,9.208149854463925088e-01
1.788340674149729252e+09,1.718123293605487767e+00,2.914564048371224292e+00,0.000000000000000000e+00,0.000000000000000000e+00,0.000000000000000000e+00,-3.650060680463834695e-01,9.310051397759944170e-01
1.788340674249696016e+09,1.652549336505495514e+00,2.969146976656752202e+00,0.000000000000000000e+00,0.000000000000000000e+00,0.000000000000000000e+00,-3.296827820924758123e-01,9.440917662980463643e-01
1.788340674349813223e+09,1.577796121828114018e+00,3.013291035330988965e+00,0.000000000000000000e+00,0.000000000000000000e+00,0.000000000000000000e+00,-2.943949706391058019e-01,9.556838395946642972e-01
1.788340674449769258e+09,1.492457224153775242e+00,3.050491892319379783e+00,0.000000000000000000e+00,0.000000000000000000e+00,0.000000000000000000e+00,-2.501154868779790208e-01,9.682160106214890982e-01
1.788340674550051928e+09,1.393606530581399161e+00,3.070716215599182508e+00,0.000000000000000000e+00,0.000000000000000000e+00,0.000000000000000000e+00,-2.174410373327640422e-01,9.760734579342128514e-01
1.788340674649992466e+09,1.287780153064431055e+00,3.084935912319409557e+00,0.000000000000000000e+00,0.000000000000000000e+00,0.000000000000000000e+00,-1.848631087608102741e-01,9.827642804962383183e-01
1.788340674749658823e+09,1.177130065526844405e+00,3.093968821774883970e+00,0.000000000000000000e+00,0.000000000000000000e+00,0.000000000000000000e+00,-1.483837795521626424e-01,9.889298529045500441e-01
1.788340674849806309e+09,1.058750497128327250e+00,3.097333498883687142e+00,0.000000000000000000e+00,0.000000000000000000e+00,0.000000000000000000e+00,-1.251002630828867979e-01,9.921441045415694271e-01
1.788340674949628115e+09,9.335056594297014287e-01,3.098151998507613136e+00,0.000000000000000000e+00,0.000000000000000000e+00,0.000000000000000000e+00,-9.897407562129569014e-02,9.950900121872945370e-01
1.788340675049751520e+09,8.085457638726174512e-01,3.096639702341605016e+00,0.000000000000000000e+00,0.000000000000000000e+00,0.000000000000000000e+00,-6.773767423732397763e-02,9.977031660212961617e-01
1.788340675149699450e+09,6.883261679659062882e-01,3.085312390676882011e+00,0.000000000000000000e+00,0.000000000000000000e+00,0.000000000000000000e+00,-5.383580361072743542e-02,9.985498015870750699e-01
1.788340675249649525e+09,5.768734029093400828e-01,3.065383698088333553e+00,0.000000000000000000e+00,0.000000000000000000e+00,0.000000000000000000e+00,-4.685448528589807732e-02,9.989017255008589835e-01
1.788340675349640846e+09,4.680426881872839506e-01,3.047761822524498232e+00,0.000000000000000000e+00,0.000000000000000000e+00,0.000000000000000000e+00,-4.414416091952511750e-02,9.990251713829393365e-01
1.788340675449687719e+09,3.822395195707237736e-01,3.028849008292048506e+00,0.000000000000000000e+00,0.000000000000000000e+00,0.000000000000000000e+00,-5.069007752859654853e-02,9.987144316771161545e-01
1.788340675549762726e+09,3.344764102684880114e-01,3.019032844288124462e+00,0.000000000000000000e+00,0.000000000000000000e+00,0.000000000000000000e+00,-6.024884252936150986e-02,9.981833884481710051e-01
1.788340675649791956e+09,3.160943969459523717e-01,3.017296737722885425e+00,0.000000000000000000e+00,0.000000000000000000e+00,0.000000000000000000e+00,-7.282090023970286263e-02,9.973450338214349120e-01
1.788340675749998331e+09,3.070288334803514818e-01,3.021206905592924041e+00,0.000000000000000000e+00,0.000000000000000000e+00,0.000000000000000000e+00,-7.660636384762466167e-02,9.970614148677328092e-01
1.788340675849773645e+09,3.081272250802824519e-01,3.023211065447796386e+00,0.000000000000000000e+00,0.000000000000000000e+00,0.000000000000000000e+00,-7.193946706354013843e-02,9.974089998985441463e-01
1.788340675949722290e+09,3.077279953535742574e-01,3.023358064586103566e+00,0.000000000000000000e+00,0.000000000000000000e+00,0.000000000000000000e+00,-7.128308411371396536e-02,9.974561253104003988e-01
1.788340676049696445e+09,3.067528185377886851e-01,3.023215624941935520e+00,0.000000000000000000e+00,0.000000000000000000e+00,0.000000000000000000e+00,-7.228628279177655436e-02,9.973839247351778958e-01
1.788340676149784327e+09,3.045550414670615824e-01,3.025339720845127367e+00,0.000000000000000000e+00,0.000000000000000000e+00,0.000000000000000000e+00,-6.771437972204880085e-02,9.977047472969436948e-01
1.788340676249713421e+09,2.978249772681854091e-01,3.037593134697680330e+00,0.000000000000000000e+00,0.000000000000000000e+00,0.000000000000000000e+00,-4.930800366496339987e-02,9.987836205978629645e-01
1.788340676349808455e+09,2.979495568637146596e-01,3.037322133248881340e+00,0.000000000000000000e+00,0.000000000000000000e+00,0.000000000000000000e+00,-4.924382133307306231e-02,9.987867870874727050e-01
1.788340676449765682e+09,2.517905880505444949e-01,3.072460887530382490e+00,0.000000000000000000e+00,0.000000000000000000e+00,0.000000000000000000e+00,-5.396425108620159575e-03,9.999854391920148799e-01
1.788340676549766064e+09,2.554058164152374633e-01,3.064398533250428880e+00,0.000000000000000000e+00,0.000000000000000000e+00,0.000000000000000000e+00,1.968726510872347967e-03,9.999980620560848799e-01
1.788340676649996042e+09,2.690720241281597258e-01,3.054220185241164121e+00,0.000000000000000000e+00,0.000000000000000000e+00,0.000000000000000000e+00,1.681074213804318457e-02,9.998586894900539646e-01
1.788340676749767542e+09,2.701015255795501391e-01,3.055202669491793088e+00,0.000000000000000000e+00,0.000000000000000000e+00,0.000000000000000000e+00,1.672088102793649680e-02,9.998601962962871958e-01
1.788340676849759340e+09,2.774591542867140825e-01,3.059840801488006967e+00,0.000000000000000000e+00,0.000000000000000000e+00,0.000000000000000000e+00,6.060771465385580287e-02,9.981616627202413161e-01
1.788340676949769974e+09,2.757923481448588121e-01,3.061341462777939615e+00,0.000000000000000000e+00,0.000000000000000000e+00,0.000000000000000000e+00,6.226455084695570186e-02,9.980596804339042505e-01
1.788340677049758673e+09,2.250791912186647648e-01,3.102251892530324628e+00,0.000000000000000000e+00,0.000000000000000000e+00,0.000000000000000000e+00,1.032299136790429950e-01,9.946575214222318495e-01
1.788340677149739504e+09,2.264420741111670687e-01,3.074046218297327382e+00,0.000000000000000000e+00,0.000000000000000000e+00,0.000000000000000000e+00,1.135022645763872629e-01,9.935377375500297203e-01
1.788340677249638319e+09,2.221302018930393918e-01,3.072120205033306295e+00,0.000000000000000000e+00,0.000000000000000000e+00,0.000000000000000000e+00,1.121007634848567580e-01,9.936968445286078477e-01
1.788340677349886417e+09,1.926318324095890322e-01,2.994697458683328595e+00,0.000000000000000000e+00,0.000000000000000000e+00,0.000000000000000000e+00,1.630094288235961753e-01,9.866245112070777257e-01
1.788340677449754953e+09,2.054196564014134085e-01,2.905980266882956187e+00,0.000000000000000000e+00,0.000000000000000000e+00,0.000000000000000000e+00,1.757233072032647891e-01,9.844395965754053623e-01
1.788340677549640656e+09,2.043427715227164876e-01,2.907161192964026863e+00,0.000000000000000000e+00,0.000000000000000000e+00,0.000000000000000000e+00,1.745428054731965606e-01,9.846495869381887145e-01
1.788340677649599075e+09,2.259545084989037778e-01,2.761927944911784838e+00,0.000000000000000000e+00,0.000000000000000000e+00,0.000000000000000000e+00,2.191881135860705432e-01,9.756826178950714912e-01
1.788340677749404669e+09,2.463334666528672057e-01,2.744494584877268828e+00,0.000000000000000000e+00,0.000000000000000000e+00,0.000000000000000000e+00,2.303444153913911940e-01,9.731091666909722493e-01
1.788340677849944353e+09,2.642423725975254212e-01,2.757243660253707596e+00,0.000000000000000000e+00,0.000000000000000000e+00,0.000000000000000000e+00,2.456596241629278310e-01,9.693561518121854848e-01
1.788340677949724913e+09,2.636374949535956747e-01,2.765098968759752474e+00,0.000000000000000000e+00,0.000000000000000000e+00,0.000000000000000000e+00,2.448195398438157977e-01,9.695686633295561574e-01
1.788340678049725056e+09,3.319164554383475241e-01,2.787148346762306605e+00,0.000000000000000000e+00,0.000000000000000000e+00,0.000000000000000000e+00,2.771941219557015890e-01,9.608139355531889469e-01
1.788340678149774313e+09,3.885051683596064120e-01,2.713343604975052337e+00,0.000000000000000000e+00,0.000000000000000000e+00,0.000000000000000000e+00,2.712291523647619718e-01,9.625148034744674952e-01
1.788340678249723434e+09,3.973650868942151804e-01,2.668321592724026026e+00,0.000000000000000000e+00,0.000000000000000000e+00,0.000000000000000000e+00,2.624989614274008676e-01,9.649322749548466804e-01
1.788340678349693537e+09,3.756212006940088943e-01,2.681286996401849088e+00,0.000000000000000000e+00,0.000000000000000000e+00,0.000000000000000000e+00,2.506592442861632630e-01,9.680753809770650253e-01
1.788340678449990034e+09,3.690154371122875698e-01,2.690288929078367364e+00,0.000000000000000000e+00,0.000000000000000000e+00,0.000000000000000000e+00,2.501342798519424759e-01,9.682111557108552535e-01
1.788340678549695253e+09,3.970943101924681029e-01,2.676070723524899719e+00,0.000000000000000000e+00,0.000000000000000000e+00,0.000000000000000000e+00,2.046450266118519934e-01,9.788362544792844622e-01
1.788340678649669170e+09,3.973406207996856843e-01,2.676704327131076422e+00,0.000000000000000000e+00,0.000000000000000000e+00,0.000000000000000000e+00,2.039367265015475106e-01,9.789840711593997824e-01
1.788340678749956131e+09,4.825176161750034942e-01,2.762248730947580277e+00,0.000000000000000000e+00,0.000000000000000000e+00,0.000000000000000000e+00,1.415996918241320401e-01,9.899240007572858158e-01
1.788340678849702597e+09,5.735274344836555072e-01,2.850886278516216787e+00,0.000000000000000000e+00,0.000000000000000000e+00,0.000000000000000000e+00,1.085632786680714862e-01,9.940895404966489934e-01
1.788340678949653625e+09,6.580473384538357839e-01,2.922139369429203715e+00,0.000000000000000000e+00,0.000000000000000000e+00,0.000000000000000000e+00,8.021179791661894876e-02,9.967778425882988236e-01
1.788340679049654245e+09,7.105222034725202640e-01,2.942888382942536296e+00,0.000000000000000000e+00,0.000000000000000000e+00,0.000000000000000000e+00,4.297804781756832393e-02,9.990760168304465560e-01
1.788340679149719477e+09,7.477476050283583531e-01,2.938445858209945083e+00,0.000000000000000000e+00,0.000000000000000000e+00,0.000000000000000000e+00,1.451757205677715705e-02,9.998946144977360895e-01
1.788340679250931263e+09,8.034276393607919786e-01,2.912925435390699480e+00,0.000000000000000000e+00,0.000000000000000000e+00,0.000000000000000000e+00,-1.205375284390218342e-02,9.999273508822419387e-01
1.788340679349772215e+09,8.561585765834500705e-01,2.885731997486440825e+00,0.000000000000000000e+00,0.000000000000000000e+00,0.000000000000000000e+00,-4.455294939912862739e-02,9.990070243495983160e-01
1.788340679449711561e+09,8.932629411365240468e-01,2.884318022858730846e+00,0.000000000000000000e+00,0.000000000000000000e+00,0.000000000000000000e+00,-8.033206061561584677e-02,9.967681576160271062e-01
1.788340679549721241e+09,9.299828597119320639e-01,2.899360740746650844e+00,0.000000000000000000e+00,0.000000000000000000e+00,0.000000000000000000e+00,-1.146253497251871201e-01,9.934087925926459173e-01
1.788340679649963856e+09,9.338812828952768319e-01,2.903792114311734007e+00,0.000000000000000000e+00,0.000000000000000000e+00,0.000000000000000000e+00,-1.147142910561910478e-01,9.933985259841467963e-01
1.788340679749716520e+09,9.358045762036162341e-01,2.905918703114465540e+00,0.000000000000000000e+00,0.000000000000000000e+00,0.000000000000000000e+00,-1.147640824470563814e-01,9.933927749788022954e-01
1.788340679849714994e+09,1.070066829611616255e+00,2.907021530154810129e+00,0.000000000000000000e+00,0.000000000000000000e+00,0.000000000000000000e+00,-1.987491618203289234e-01,9.800503919063124902e-01
1.788340679949979544e+09,1.072468902369915877e+00,2.904573452559115143e+00,0.000000000000000000e+00,0.000000000000000000e+00,0.000000000000000000e+00,-1.987528222443716019e-01,9.800496495840899103e-01
1.788340680049700975e+09,1.202860114828424365e+00,2.794713146495340084e+00,0.000000000000000000e+00,0.000000000000000000e+00,0.000000000000000000e+00,-2.477238039807314884e-01,9.688306957055581314e-01
1.788340680149686098e+09,1.201647076775352208e+00,2.792851303165219790e+00,0.000000000000000000e+00,0.000000000000000000e+00,0.000000000000000000e+00,-2.477866152186545268e-01,9.688146331050551119e-01
1.788340680249631405e+09,1.287661665159751223e+00,2.704805979201282184e+00,0.000000000000000000e+00,0.000000000000000000e+00,0.000000000000000000e+00,-3.014142003034853690e-01,9.534933035189131489e-01
1.788340680450920820e+09,1.362033826330162123e+00,2.703571544414679284e+00,0.000000000000000000e+00,0.000000000000000000e+00,0.000000000000000000e+00,-3.573441650326149577e-01,9.339727767537677749e-01
1.788340680649940491e+09,1.366864913942938076e+00,2.768636532311601783e+00,0.000000000000000000e+00,0.000000000000000000e+00,0.000000000000000000e+00,-3.945396024767745535e-01,9.188789376612508386e-01
1.788340680849967003e+09,1.428817385595451572e+00,2.794771629079505715e+00,0.000000000000000000e+00,0.000000000000000000e+00,0.000000000000000000e+00,-4.086901964193440651e-01,9.126731744445643058e-01
1.788340680949731350e+09,1.502342107884141020e+00,2.751663986386368776e+00,0.000000000000000000e+00,0.000000000000000000e+00,0.000000000000000000e+00,-4.004274452410749308e-01,9.163284679074997774e-01
1.788340681149763584e+09,1.549823956905803213e+00,2.719705342808365955e+00,0.000000000000000000e+00,0.000000000000000000e+00,0.000000000000000000e+00,-3.636076203302230359e-01,9.315521984504101516e-01
1.788340681249930620e+09,1.513047194249963479e+00,2.739742117514438746e+00,0.000000000000000000e+00,0.000000000000000000e+00,0.000000000000000000e+00,-3.451421958300330273e-01,9.385504060292250150e-01
1.788340681349664450e+09,1.507315088448005325e+00,2.738714528366672507e+00,0.000000000000000000e+00,0.000000000000000000e+00,0.000000000000000000e+00,-3.446623168356505729e-01,9.387267373168198814e-01
1.788340681449935436e+09,1.376785737209399896e+00,2.799918193654463483e+00,0.000000000000000000e+00,0.000000000000000000e+00,0.000000000000000000e+00,-3.207972668484008194e-01,9.471478836921908284e-01
1.788340681549676657e+09,1.371843520392517224e+00,2.800046089015113981e+00,0.000000000000000000e+00,0.000000000000000000e+00,0.000000000000000000e+00,-3.194962429506276180e-01,9.475875425207074265e-01
1.788340681649673223e+09,1.203435577699984771e+00,2.853562508211737292e+00,0.000000000000000000e+00,0.000000000000000000e+00,0.000000000000000000e+00,-2.868675675692782256e-01,9.579702493694078891e-01
1.788340681749946117e+09,1.192552544100786260e+00,2.864204186351653192e+00,0.000000000000000000e+00,0.000000000000000000e+00,0.000000000000000000e+00,-2.705414288952229795e-01,9.627083334277993787e-01
1.788340681849718332e+09,1.208244963363141800e+00,2.863569778513536779e+00,0.000000000000000000e+00,0.000000000000000000e+00,0.000000000000000000e+00,-2.700920428041045374e-01,9.628345072824849860e-01
1.788340681950059652e+09,1.239935641600387051e+00,2.796487730434282781e+00,0.000000000000000000e+00,0.000000000000000000e+00,0.000000000000000000e+00,-2.853761672742012867e-01,9.584155899983510807e-01
1.788340682049895048e+09,1.219838596256494156e+00,2.764768357750615912e+00,0.000000000000000000e+00,0.000000000000000000e+00,0.000000000000000000e+00,-2.990220097159744794e-01,9.542462144045528172e-01
1.788340682150060415e+09,1.211259438785704079e+00,2.774506704260412793e+00,0.000000000000000000e+00,0.000000000000000000e+00,0.000000000000000000e+00,-2.995631327005263134e-01,9.540764799148163666e-01
1.788340682250055313e+09,1.099027357231937563e+00,2.821697721387058433e+00,0.000000000000000000e+00,0.000000000000000000e+00,0.000000000000000000e+00,-2.839710377251785656e-01,9.588328580796996459e-01
1.788340682349858999e+09,1.015028185462070631e+00,2.935595346074417300e+00,0.000000000000000000e+00,0.000000000000000000e+00,0.000000000000000000e+00,-2.567852124169820449e-01,9.664684964777514598e-01
1.788340682449901104e+09,9.192743028158540941e-01,3.048007123884163061e+00,0.000000000000000000e+00,0.000000000000000000e+00,0.000000000000000000e+00,-2.229629588274387730e-01,9.748269174529978764e-01
1.788340682550843000e+09,8.308799127355595004e-01,3.144595756570500278e+00,0.000000000000000000e+00,0.000000000000000000e+00,0.000000000000000000e+00,-1.781319076777830301e-01,9.840066175931309056e-01
1.788340682650847197e+09,8.361171583429708454e-01,3.144178791613700508e+00,0.000000000000000000e+00,0.000000000000000000e+00,0.000000000000000000e+00,-1.773377860533542072e-01,9.841500442705342078e-01
1.788340682749679565e+09,7.617339179885829203e-01,3.229210568232944389e+00,0.000000000000000000e+00,0.000000000000000000e+00,0.000000000000000000e+00,-8.105652499940234346e-02,9.967095062027960806e-01
1.788340682849658966e+09,7.664044252034173388e-01,3.231200009062541678e+00,0.000000000000000000e+00,0.000000000000000000e+00,0.000000000000000000e+00,-8.083338310864425502e-02,9.967276278779529930e-01
1.788340682949943066e+09,7.756854527164072088e-01,3.162174140874393746e+00,0.000000000000000000e+00,0.000000000000000000e+00,0.000000000000000000e+00,5.654637735580410503e-03,9.999840124082380877e-01
1.788340683149981737e+09,7.961295411451739801e-01,3.016642041575956945e+00,0.000000000000000000e+00,0.000000000000000000e+00,0.000000000000000000e+00,7.938381156147887585e-02,9.968441254589263112e-01
1.788340683249898672e+09,7.913006903201050823e-01,3.016834706827701940e+00,0.000000000000000000e+00,0.000000000000000000e+00,0.000000000000000000e+00,7.892124498191407933e-02,9.968808540093970771e-01
1.788340683349666357e+09,5.480883630527818573e-01,2.872180345407158608e+00,0.000000000000000000e+00,0.000000000000000000e+00,0.000000000000000000e+00,1.652665306222258490e-01,9.862489411178564369e-01
1.788340683549909592e+09,2.031586923677348999e-02,2.733994560785936834e+00,0.000000000000000000e+00,0.000000000000000000e+00,0.000000000000000000e+00,2.403672224112116951e-01,9.706820274375739244e-01
1.788340683649669647e+09,2.825775153092918365e-02,2.733339197824061984e+00,0.000000000000000000e+00,0.000000000000000000e+00,0.000000000000000000e+00,2.401978743171351571e-01,9.707239469455413161e-01
1.788340683749641180e+09,-4.548443075322205487e-01,2.563550125597120033e+00,0.000000000000000000e+00,0.000000000000000000e+00,0.000000000000000000e+00,2.970678634451908717e-01,9.548563685225697206e-01
1.788340683949643850e+09,-7.701090577154016126e-01,2.226955372069458594e+00,0.000000000000000000e+00,0.000000000000000000e+00,0.000000000000000000e+00,2.989802985649819278e-01,9.542592839841769203e-01
1.788340684049963236e+09,-7.901844020017675385e-01,2.097991459104667999e+00,0.000000000000000000e+00,0.000000000000000000e+00,0.000000000000000000e+00,2.984870619883645548e-01,9.544136806571634768e-01
1.788340684249670029e+09,-7.849746173667214721e-01,1.897780891273946891e+00,0.000000000000000000e+00,0.000000000000000000e+00,0.000000000000000000e+00,3.034721313535885812e-01,9.528403147913665494e-01
1.788340684350828409e+09,-7.568815004210877051e-01,1.897813694076876834e+00,0.000000000000000000e+00,0.000000000000000000e+00,0.000000000000000000e+00,3.132904503546363184e-01,9.496573559534983167e-01
1.788340684449383259e+09,-7.555613280237021279e-01,1.913658154770497832e+00,0.000000000000000000e+00,0.000000000000000000e+00,0.000000000000000000e+00,3.132112740570127674e-01,9.496834724283574891e-01
1.788340684549671173e+09,-6.888375065996842350e-01,1.947507793809602594e+00,0.000000000000000000e+00,0.000000000000000000e+00,0.000000000000000000e+00,3.342245108822917699e-01,9.424934887443483511e-01
1.788340684650006056e+09,-6.656980792836645344e-01,1.948210580238956879e+00,0.000000000000000000e+00,0.000000000000000000e+00,0.000000000000000000e+00,3.380442477071846086e-01,9.411302176596412217e-01
1.788340684749918222e+09,-6.729513920076232170e-01,1.944876769020218443e+00,0.000000000000000000e+00,0.000000000000000000e+00,0.000000000000000000e+00,3.379168872170632554e-01,9.411759545024142026e-01
1.788340684949831247e+09,-7.223072824349718868e-01,1.861530440556251387e+00,0.000000000000000000e+00,0.000000000000000000e+00,0.000000000000000000e+00,3.497074558953028323e-01,9.368589516524004068e-01
1.788340685049928427e+09,-8.068026135272258204e-01,1.795971100964474543e+00,0.000000000000000000e+00,0.000000000000000000e+00,0.000000000000000000e+00,3.445310679260281117e-01,9.387749161720027047e-01
1.788340685249929428e+09,-9.229327588609438360e-01,1.769448716436085922e+00,0.000000000000000000e+00,0.000000000000000000e+00,0.000000000000000000e+00,3.415842631789631767e-01,9.398511537198241950e-01
1.788340685349669456e+09,-8.983050190002787039e-01,1.815669271136055141e+00,0.000000000000000000e+00,0.000000000000000000e+00,0.000000000000000000e+00,3.427137612980833969e-01,9.394398745086991465e-01
1.788340685450834274e+09,-8.976839684955649767e-01,1.797270169462607869e+00,0.000000000000000000e+00,0.000000000000000000e+00,0.000000000000000000e+00,3.510078796234013532e-01,9.363725051721050185e-01
1.788340685649951458e+09,-9.073691331908400048e-01,1.652385091397592820e+00,0.000000000000000000e+00,0.000000000000000000e+00,0.000000000000000000e+00,3.606756146060036139e-01,9.326913214073463410e-01
1.788340685850776196e+09,-9.257754328270618727e-01,1.394659920707247425e+00,0.000000000000000000e+00,0.000000000000000000e+00,0.000000000000000000e+00,3.556902728310468165e-01,9.346038892564997314e-01
1.788340685950947762e+09,-9.263682462905017401e-01,1.299111079644849065e+00,0.000000000000000000e+00,0.000000000000000000e+00,0.000000000000000000e+00,3.552799474969685067e-01,9.347599472092027462e-01
1.788340686050826073e+09,-9.093380191811107904e-01,1.258218852033545332e+00,0.000000000000000000e+00,0.000000000000000000e+00,0.000000000000000000e+00,3.571226739359467661e-01,9.340574906079601725e-01
1.788340686150788307e+09,-9.331089204527385217e-01,1.240701123934090822e+00,0.000000000000000000e+00,0.000000000000000000e+00,0.000000000000000000e+00,3.582295680212610467e-01,9.336335344209207854e-01
1.788340686350794792e+09,-1.075548435458925312e+00,1.100800246003635685e+00,0.000000000000000000e+00,0.000000000000000000e+00,0.000000000000000000e+00,3.613765430405920243e-01,9.324199666137740206e-01
1.788340686449981213e+09,-1.165506950901479932e+00,1.003969406666393560e+00,0.000000000000000000e+00,0.000000000000000000e+00,0.000000000000000000e+00,3.620882520982380837e-01,9.321438181377607046e-01
1.788340686549852848e+09,-1.166518885549411522e+00,1.011023650230393311e+00,0.000000000000000000e+00,0.000000000000000000e+00,0.000000000000000000e+00,3.619288915100418724e-01,9.322057055662726910e-01
1.788340686650844336e+09,-1.299706063771676634e+00,8.150660453320789367e-01,0.000000000000000000e+00,0.000000000000000000e+00,0.000000000000000000e+00,3.537680580118277018e-01,9.353331818825524335e-01
1.788340686750814676e+09,-1.299274553296164481e+00,8.206730679792900718e-01,0.000000000000000000e+00,0.000000000000000000e+00,0.000000000000000000e+00,3.535584920832675060e-01,9.354124184956098542e-01
1.788340686950036526e+09,-1.411378664866713928e+00,5.950948441544151590e-01,0.000000000000000000e+00,0.000000000000000000e+00,0.000000000000000000e+00,3.100533111536704078e-01,9.507191721232118864e-01
1.788340687049927950e+09,-1.417590297750094708e+00,5.946697377756376968e-01,0.000000000000000000e+00,0.000000000000000000e+00,0.000000000000000000e+00,2.982814766834933073e-01,9.544779519022504877e-01
1.788340687150895834e+09,-1.398527265531051444e+00,6.371794461295618994e-01,0.000000000000000000e+00,0.000000000000000000e+00,0.000000000000000000e+00,2.904318066874321813e-01,9.568956921547270289e-01
1.788340687250072479e+09,-1.353208703773647548e+00,7.020834926274723831e-01,0.000000000000000000e+00,0.000000000000000000e+00,0.000000000000000000e+00,2.762834682265214448e-01,9.610761911444507533e-01
1.788340687350851059e+09,-1.274473641547420488e+00,7.806477972161538492e-01,0.000000000000000000e+00,0.000000000000000000e+00,0.000000000000000000e+00,2.564286872929091299e-01,9.665631527909779308e-01
1.788340687449857950e+09,-1.200427343504067323e+00,8.459390576692193964e-01,0.000000000000000000e+00,0.000000000000000000e+00,0.000000000000000000e+00,2.397271945982419050e-01,9.708402917936898024e-01
1.788340687550875664e+09,-1.140199295353955256e+00,9.013077941644307423e-01,0.000000000000000000e+00,0.000000000000000000e+00,0.000000000000000000e+00,2.320018659856584176e-01,9.727153407750762648e-01
1.788340687650790930e+09,-1.144170533477676166e+00,8.967642848263560618e-01,0.000000000000000000e+00,0.000000000000000000e+00,0.000000000000000000e+00,2.321027091837917222e-01,9.726912831878079535e-01
1.788340687749530792e+09,-1.035037216045047170e+00,1.004934604466809933e+00,0.000000000000000000e+00,0.000000000000000000e+00,0.000000000000000000e+00,2.203337726522358875e-01,9.754245376392951528e-01
1.788340687849672556e+09,-9.663236681365994230e-01,1.060754841837918683e+00,0.000000000000000000e+00,0.000000000000000000e+00,0.000000000000000000e+00,2.141134731478542552e-01,9.768087942973091575e-01
1.788340687949823856e+09,-8.886994624567405854e-01,1.111654841082866385e+00,0.000000000000000000e+00,0.000000000000000000e+00,0.000000000000000000e+00,2.137143906742242361e-01,9.768961865104935915e-01
1.788340688049855947e+09,-8.417524088332271059e-01,1.154125531262181426e+00,0.000000000000000000e+00,0.000000000000000000e+00,0.000000000000000000e+00,2.151540302739691490e-01,9.765801263884434924e-01
1.788340688249906540e+09,-8.603934913837513188e-01,1.247135445833500889e+00,0.000000000000000000e+00,0.000000000000000000e+00,0.000000000000000000e+00,2.031938334718645378e-01,9.791385326086436969e-01
1.788340688450799704e+09,-9.556111200411466777e-01,1.363560211012460499e+00,0.000000000000000000e+00,0.000000000000000000e+00,0.000000000000000000e+00,2.050309173123833761e-01,9.787554970195788684e-01
1.788340688549904108e+09,-9.463668576422361589e-01,1.367046612531787497e+00,0.000000000000000000e+00,0.000000000000000000e+00,0.000000000000000000e+00,2.051819056206577452e-01,9.787238556436006487e-01
1.788340688749980688e+09,-9.498674381824604440e-01,1.543930721149277208e+00,0.000000000000000000e+00,0.000000000000000000e+00,0.000000000000000000e+00,1.866262896718503816e-01,9.824309787477788491e-01
1.788340688849794865e+09,-9.350879011272831276e-01,1.551250214673155936e+00,0.000000000000000000e+00,0.000000000000000000e+00,0.000000000000000000e+00,1.865257101127208716e-01,9.824500798854591821e-01
1.788340688949831724e+09,-5.672333233943002151e-01,1.717879547959827669e+00,0.000000000000000000e+00,0.000000000000000000e+00,0.000000000000000000e+00,1.497439872186319132e-01,9.887248041249223629e-01
1.788340689050779581e+09,-2.879504740417685449e-01,1.836268565728003788e+00,0.000000000000000000e+00,0.000000000000000000e+00,0.000000000000000000e+00,1.315840892665920137e-01,9.913050123205681130e-01
1.788340689149907589e+09,-2.908605593672440870e-01,1.835843386508164476e+00,0.000000000000000000e+00,0.000000000000000000e+00,0.000000000000000000e+00,1.315999651917245661e-01,9.913029048487331796e-01
1.788340689249872208e+09,3.130671009889631762e-01,2.077213377643783776e+00,0.000000000000000000e+00,0.000000000000000000e+00,0.000000000000000000e+00,9.875212999297913741e-02,9.951120624441499585e-01
1.788340689350747585e+09,6.201482292289647313e-01,2.188064988653426468e+00,0.000000000000000000e+00,0.000000000000000000e+00,0.000000000000000000e+00,8.036414123889139283e-02,9.967655716380534603e-01
1.788340689449870348e+09,6.205714910266505457e-01,2.191226224495696595e+00,0.000000000000000000e+00,0.000000000000000000e+00,0.000000000000000000e+00,8.023076244716800809e-02,9.967763163103073865e-01
1.788340689549431324e+09,1.202486147181684562e+00,2.362810364830913556e+00,0.000000000000000000e+00,0.000000000000000000e+00,0.000000000000000000e+00,3.316048909204278444e-02,9.994500397534519243e-01
1.788340689649969101e+09,1.198912152488947669e+00,2.366781635036747655e+00,0.000000000000000000e+00,0.000000000000000000e+00,0.000000000000000000e+00,3.302016929609384588e-02,9.994546855258910067e-01
1.788340689749869823e+09,1.721770822156163838e+00,2.547725527328009498e+00,0.000000000000000000e+00,0.000000000000000000e+00,0.000000000000000000e+00,-2.958864406445184739e-02,9.995621602193769384e-01
1.788340689949604988e+09,2.147493282928127467e+00,2.761714912926141796e+00,0.000000000000000000e+00,0.000000000000000000e+00,0.000000000000000000e+00,-7.017250280977020693e-02,9.975348714954344054e-01
1.788340690150919914e+09,2.568713758643658807e+00,2.958322518575360771e+00,0.000000000000000000e+00,0.000000000000000000e+00,0.000000000000000000e+00,-1.151374296404712588e-01,9.933495720519467387e-01
1.788340690449826956e+09,3.256357097162374536e+00,3.274396064126237516e+00,0.000000000000000000e+00,0.000000000000000000e+00,0.000000000000000000e+00,-1.803389663756987116e-01,9.836045227664137469e-01
1.788340690550750494e+09,3.453541302635984245e+00,3.314671163628314154e+00,0.000000000000000000e+00,0.000000000000000000e+00,0.000000000000000000e+00,-2.038272195160728550e-01,9.790068766787836108e-01
1.788340690749804735e+09,3.765096517117815456e+00,3.347208350746190941e+00,0.000000000000000000e+00,0.000000000000000000e+00,0.000000000000000000e+00,-2.539122166495944577e-01,9.672272671074204631e-01
1.788340690950762987e+09,3.875926465131762644e+00,3.384456922796889256e+00,0.000000000000000000e+00,0.000000000000000000e+00,0.000000000000000000e+00,-3.042426760147711184e-01,9.525945591338272900e-01
1.788340691049851179e+09,3.565238703290244615e+00,2.023993267003714180e+00,0.000000000000000000e+00,0.000000000000000000e+00,0.000000000000000000e+00,-6.440450508538537733e-01,7.649875636052242411e-01
1.788340691150775433e+09,3.614219243380121682e+00,2.128297628375188655e+00,0.000000000000000000e+00,0.000000000000000000e+00,0.000000000000000000e+00,-6.521255298698143132e-01,7.581110032785527419e-01
1.788340691350844383e+09,3.670770604803984760e+00,2.338314298909042854e+00,0.000000000000000000e+00,0.000000000000000000e+00,0.000000000000000000e+00,-6.284567638542818413e-01,7.778445191462129982e-01
1.788340691550722122e+09,3.631658287572004262e+00,2.592663956499106082e+00,0.000000000000000000e+00,0.000000000000000000e+00,0.000000000000000000e+00,-5.918452072480896442e-01,8.060516426740075291e-01
1.788340691649837017e+09,3.630082621994864311e+00,2.592377651183995546e+00,0.000000000000000000e+00,0.000000000000000000e+00,0.000000000000000000e+00,-5.916327518551570686e-01,8.062075954320289117e-01
1.788340691750731468e+09,3.436421308661846474e+00,2.808691180799239184e+00,0.000000000000000000e+00,0.000000000000000000e+00,0.000000000000000000e+00,-5.342442368878788095e-01,8.453301694320912718e-01
1.788340691849880934e+09,3.434795113568513081e+00,2.807933724756415117e+00,0.000000000000000000e+00,0.000000000000000000e+00,0.000000000000000000e+00,-5.342359435387623590e-01,8.453354107283381769e-01
1.788340691950899124e+09,3.144028398644376665e+00,2.984801328865779979e+00,0.000000000000000000e+00,0.000000000000000000e+00,0.000000000000000000e+00,-4.522094987229417495e-01,8.919117497066318956e-01
1.788340692050700665e+09,2.976969218886541313e+00,3.044495676905634163e+00,0.000000000000000000e+00,0.000000000000000000e+00,0.000000000000000000e+00,-4.115744553724459132e-01,9.113761395191748438e-01
1.788340692149861336e+09,2.816303188851757788e+00,3.098520598411578231e+00,0.000000000000000000e+00,0.000000000000000000e+00,0.000000000000000000e+00,-3.701491627248645888e-01,9.289723339982099981e-01
1.788340692250782490e+09,2.819900479172328112e+00,3.098383428874115442e+00,0.000000000000000000e+00,0.000000000000000000e+00,0.000000000000000000e+00,-3.701339795916860909e-01,9.289783835760772046e-01
1.788340692349933624e+09,2.499171489689425485e+00,3.179282022470931945e+00,0.000000000000000000e+00,0.000000000000000000e+00,0.000000000000000000e+00,-3.169809768898036451e-01,9.484318954410938529e-01
1.788340692449850798e+09,2.367205980230072004e+00,3.169366587245773026e+00,0.000000000000000000e+00,0.000000000000000000e+00,0.000000000000000000e+00,-3.220552449844886200e-01,9.467208771216473195e-01
1.788340692550753832e+09,2.364709018786424366e+00,3.168165665679820719e+00,0.000000000000000000e+00,0.000000000000000000e+00,0.000000000000000000e+00,-3.221971994198103983e-01,9.466725752265303662e-01
1.788340692650737047e+09,2.112000625464108605e+00,3.112471236777493822e+00,0.000000000000000000e+00,0.000000000000000000e+00,0.000000000000000000e+00,-3.366441899330517851e-01,9.416319288258652165e-01
1.788340692750587940e+09,1.940157399982617381e+00,3.041876375813356681e+00,0.000000000000000000e+00,0.000000000000000000e+00,0.000000000000000000e+00,-3.357963469148828595e-01,9.419346120610601059e-01
1.788340692849718809e+09,1.761367319036464263e+00,2.950885609144070720e+00,0.000000000000000000e+00,0.000000000000000000e+00,0.000000000000000000e+00,-3.349962045094557195e-01,9.422194770669194419e-01
1.788340692950807095e+09,1.576936693707144954e+00,2.845192618084836589e+00,0.000000000000000000e+00,0.000000000000000000e+00,0.000000000000000000e+00,-3.349422060902071396e-01,9.422386738928865135e-01
1.788340693049710751e+09,1.402155464647833139e+00,2.709535901328269603e+00,0.000000000000000000e+00,0.000000000000000000e+00,0.000000000000000000e+00,-3.391512386664853884e-01,9.407318626000656936e-01
1.788340693150746584e+09,1.234261006381617065e+00,2.550854568629804309e+00,0.000000000000000000e+00,0.000000000000000000e+00,0.000000000000000000e+00,-3.438912093259126057e-01,9.390094973685629842e-01
1.788340693249867201e+09,1.084228467567604159e+00,2.395198694679460782e+00,0.000000000000000000e+00,0.000000000000000000e+00,0.000000000000000000e+00,-3.483849159996006972e-01,9.373515617440187908e-01
1.788340693349810123e+09,9.703469609111867733e-01,2.225711900171711832e+00,0.000000000000000000e+00,0.000000000000000000e+00,0.000000000000000000e+00,-3.513098921575787958e-01,9.362592374295863884e-01
1.788340693449702263e+09,8.841246940793601183e-01,2.061718537241546745e+00,0.000000000000000000e+00,0.000000000000000000e+00,0.000000000000000000e+00,-3.505029994275581373e-01,9.365616089677631928e-01
1.788340693550709963e+09,8.191828858008358694e-01,1.929245993892139799e+00,0.000000000000000000e+00,0.000000000000000000e+00,0.000000000000000000e+00,-3.487057004460998866e-01,9.372322734927532872e-01
1.788340693650738955e+09,7.893227657689489973e-01,1.833134843779450129e+00,0.000000000000000000e+00,0.000000000000000000e+00,0.000000000000000000e+00,-3.485265493956825056e-01,9.372989087619481019e-01
1.788340693749751329e+09,7.884049485714577088e-01,1.763328204243008956e+00,0.000000000000000000e+00,0.000000000000000000e+00,0.000000000000000000e+00,-3.481250518585869980e-01,9.374481043068230157e-01
1.788340693850701809e+09,7.997091474879614026e-01,1.714848882709749667e+00,0.000000000000000000e+00,0.000000000000000000e+00,0.000000000000000000e+00,-3.480125452096760053e-01,9.374898764129044881e-01
1.788340693949839592e+09,8.069315479803615965e-01,1.667926575358683383e+00,0.000000000000000000e+00,0.000000000000000000e+00,0.000000000000000000e+00,-3.523449259193009442e-01,9.358702117168395951e-01
1.788340694049770594e+09,8.058264471986169575e-01,1.670155065071641243e+00,0.000000000000000000e+00,0.000000000000000000e+00,0.000000000000000000e+00,-3.522861330515346112e-01,9.358923444817766057e-01
1.788340694150700092e+09,8.478125773860978320e-01,1.544312211831512682e+00,0.000000000000000000e+00,0.000000000000000000e+00,0.000000000000000000e+00,-3.759968112803272478e-01,9.266209569759504827e-01
1.788340694249854088e+09,8.457723515943262882e-01,1.545783784039924669e+00,0.000000000000000000e+00,0.000000000000000000e+00,0.000000000000000000e+00,-3.762270481075241646e-01,9.265275000086605761e-01
1.788340694350799322e+09,9.397452982412022315e-01,1.388735921747757285e+00,0.000000000000000000e+00,0.000000000000000000e+00,0.000000000000000000e+00,-3.823779140452880920e-01,9.240060231678005609e-01
1.788340694449895382e+09,9.589592290757082971e-01,1.365089539040402311e+00,0.000000000000000000e+00,0.000000000000000000e+00,0.000000000000000000e+00,-3.812345868116781555e-01,9.244783338826979557e-01
1.788340694549834251e+09,9.828903020535633139e-01,1.338044619973673077e+00,0.000000000000000000e+00,0.000000000000000000e+00,0.000000000000000000e+00,-3.819537721575320677e-01,9.241814302043901419e-01
1.788340694649770260e+09,1.012295687233055297e+00,1.310099372176583454e+00,0.000000000000000000e+00,0.000000000000000000e+00,0.000000000000000000e+00,-3.801843751247127590e-01,9.249107205082183203e-01
1.788340694750750303e+09,1.037705537970742942e+00,1.283951106941988884e+00,0.000000000000000000e+00,0.000000000000000000e+00,0.000000000000000000e+00,-3.774661965649558359e-01,9.260233638795438704e-01
1.788340694849843264e+09,1.060463713092391291e+00,1.225807319743103863e+00,0.000000000000000000e+00,0.000000000000000000e+00,0.000000000000000000e+00,-3.837950069358210814e-01,9.234183194257806759e-01
1.788340694949737310e+09,1.078095663803507520e+00,1.150149049962472247e+00,0.000000000000000000e+00,0.000000000000000000e+00,0.000000000000000000e+00,-3.921566607984997566e-01,9.198984473252309613e-01
1.788340695049898386e+09,1.115361232711049144e+00,1.027098850673157315e+00,0.000000000000000000e+00,0.000000000000000000e+00,0.000000000000000000e+00,-4.110991075918432602e-01,9.115906557974308155e-01
1.788340695149759293e+09,1.152619145832868952e+00,9.040082692721183033e-01,0.000000000000000000e+00,0.000000000000000000e+00,0.000000000000000000e+00,-4.315792241805741503e-01,9.020750374861802312e-01
1.788340695249731779e+09,1.188060832476898643e+00,7.714920238119207241e-01,0.000000000000000000e+00,0.000000000000000000e+00,0.000000000000000000e+00,-4.460425470978204854e-01,8.950117575643845580e-01
1.788340695349873066e+09,1.222700739472518450e+00,6.247402258491774329e-01,0.000000000000000000e+00,0.000000000000000000e+00,0.000000000000000000e+00,-4.652985292656516836e-01,8.851538163862943120e-01
1.788340695449808598e+09,1.250551391669818990e+00,4.830723949878075185e-01,0.000000000000000000e+00,0.000000000000000000e+00,0.000000000000000000e+00,-4.892052807277393889e-01,8.721686725101364113e-01
1.788340695550692558e+09,1.274790385124598302e+00,3.508502491978799931e-01,0.000000000000000000e+00,0.000000000000000000e+00,0.000000000000000000e+00,-5.093655463722034371e-01,8.605502542960212775e-01
1.788340695650634050e+09,1.288432584209844300e+00,2.187329397427517641e-01,0.000000000000000000e+00,0.000000000000000000e+00,0.000000000000000000e+00,-5.349192930301498450e-01,8.449031600983184509e-01
1.788340695749810457e+09,1.293096523440565360e+00,9.839496803826897064e-02,0.000000000000000000e+00,0.000000000000000000e+00,0.000000000000000000e+00,-5.592917721252161911e-01,8.289708762272866016e-01
1.788340695849710941e+09,1.293161951588658543e+00,-8.978387256727504706e-03,0.000000000000000000e+00,0.000000000000000000e+00,0.000000000000000000e+00,-5.765160537445740419e-01,8.170858215480081288e-01
1.788340695950710058e+09,1.286779766396185742e+00,-1.105445082020151126e-01,0.000000000000000000e+00,0.000000000000000000e+00,0.000000000000000000e+00,-6.014834956965207091e-01,7.988852260523370274e-01
1.788340696050653219e+09,1.277802026326967599e+00,-2.051220063440379882e-01,0.000000000000000000e+00,0.000000000000000000e+00,0.000000000000000000e+00,-6.258141790624308642e-01,7.799721875069750565e-01
1.788340696150823355e+09,1.263962605778940151e+00,-2.937110109635372446e-01,0.000000000000000000e+00,0.000000000000000000e+00,0.000000000000000000e+00,-6.460441626940143234e-01,7.633000326536021340e-01
1.788340696249908447e+09,1.244612957791144225e+00,-3.745864958723283955e-01,0.000000000000000000e+00,0.000000000000000000e+00,0.000000000000000000e+00,-6.697693770250808809e-01,7.425691763057736816e-01
1.788340696350572824e+09,1.231210130753278786e+00,-4.569128028944060560e-01,0.000000000000000000e+00,0.000000000000000000e+00,0.000000000000000000e+00,-6.898515187809536320e-01,7.239508837176813483e-01
1.788340696449747086e+09,1.226818562695760839e+00,-5.411001583545820282e-01,0.000000000000000000e+00,0.000000000000000000e+00,0.000000000000000000e+00,-7.068820984073421743e-01,7.073313925956012937e-01
1.788340696549840689e+09,1.221197333654796324e+00,-6.292049470193292748e-01,0.000000000000000000e+00,0.000000000000000000e+00,0.000000000000000000e+00,-7.248862026567841621e-01,6.888686327579648383e-01
1.788340696650642872e+09,1.219143853490700646e+00,-7.189225913814678570e-01,0.000000000000000000e+00,0.000000000000000000e+00,0.000000000000000000e+00,-7.409270665883103124e-01,6.715854986499050217e-01
1.788340696749660492e+09,1.214203678005659537e+00,-8.122181546923803452e-01,0.000000000000000000e+00,0.000000000000000000e+00,0.000000000000000000e+00,-7.539902731629007926e-01,6.568855821037132836e-01
1.788340696850740194e+09,1.200706428909903423e+00,-9.106752435928258116e-01,0.000000000000000000e+00,0.000000000000000000e+00,0.000000000000000000e+00,-7.710408096052806526e-01,6.367857331341788552e-01
1.788340696950619459e+09,1.183394716153036708e+00,-1.006036792446398653e+00,0.000000000000000000e+00,0.000000000000000000e+00,0.000000000000000000e+00,-7.888481458287688319e-01,6.145881570796116744e-01
1.788340697049692869e+09,1.177739541528859846e+00,-1.099885508986498284e+00,0.000000000000000000e+00,0.000000000000000000e+00,0.000000000000000000e+00,-7.944791134064521643e-01,6.072914772668045469e-01
1.788340697149839401e+09,1.179188887559584842e+00,-1.200214909163682009e+00,0.000000000000000000e+00,0.000000000000000000e+00,0.000000000000000000e+00,-7.961613518979628878e-01,6.050843757229302788e-01
1.788340697250801802e+09,1.186807916894295101e+00,-1.306519656022985920e+00,0.000000000000000000e+00,0.000000000000000000e+00,0.000000000000000000e+00,-7.965284334015809709e-01,6.046010707754518876e-01
1.788340697350734472e+09,1.188091386165643026e+00,-1.421408688814237653e+00,0.000000000000000000e+00,0.000000000000000000e+00,0.000000000000000000e+00,-7.969530937609804466e-01,6.040411959004136078e-01
1.788340697449909210e+09,1.174050648673487629e+00,-1.532344811857000000e+00,0.000000000000000000e+00,0.000000000000000000e+00,0.000000000000000000e+00,-8.003330588841941484e-01,5.995556645192079426e-01
1.788340697550651073e+09,1.146921359240281379e+00,-1.646108810620952045e+00,0.000000000000000000e+00,0.000000000000000000e+00,0.000000000000000000e+00,-8.033595161428079834e-01,5.954943222422810489e-01
1.788340697650617123e+09,1.104983692782738114e+00,-1.751467060879863258e+00,0.000000000000000000e+00,0.000000000000000000e+00,0.000000000000000000e+00,-8.061107988745690456e-01,5.917646322126766112e-01
1.788340697750639200e+09,1.052492516458074068e+00,-1.848240987671671665e+00,0.000000000000000000e+00,0.000000000000000000e+00,0.000000000000000000e+00,-8.079608335748674763e-01,5.892361932273042502e-01
1.788340697849564075e+09,9.942668758379178406e-01,-1.941581686299090226e+00,0.000000000000000000e+00,0.000000000000000000e+00,0.000000000000000000e+00,-8.080531759083575682e-01,5.891095525489437046e-01
1.788340697949548244e+09,9.333137577691221765e-01,-2.029627275494586325e+00,0.000000000000000000e+00,0.000000000000000000e+00,0.000000000000000000e+00,-8.090166024406110212e-01,5.877857917434293755e-01
1.788340698050717115e+09,8.711804894182795245e-01,-2.113584304700804939e+00,0.000000000000000000e+00,0.000000000000000000e+00,0.000000000000000000e+00,-8.079154531465398970e-01,5.892984138507594283e-01
1.788340698150611877e+09,8.050014498980631039e-01,-2.189523974484585356e+00,0.000000000000000000e+00,0.000000000000000000e+00,0.000000000000000000e+00,-8.081310396193629453e-01,5.890027358202404306e-01
1.788340698249662399e+09,7.409554797471669119e-01,-2.263609010485188922e+00,0.000000000000000000e+00,0.000000000000000000e+00,0.000000000000000000e+00,-8.087660874337955219e-01,5.881304411582775060e-01
1.788340698350673437e+09,6.764371766005057296e-01,-2.336699721834140764e+00,0.000000000000000000e+00,0.000000000000000000e+00,0.000000000000000000e+00,-8.075726188570007125e-01,5.897681453524302730e-01
1.788340698450644255e+09,6.348281103087751731e-01,-2.405475543150275453e+00,0.000000000000000000e+00,0.000000000000000000e+00,0.000000000000000000e+00,-8.051136944781568383e-01,5.931205096468450400e-01
1.788340698550767422e+09,5.972090291302190046e-01,-2.478887636213614076e+00,0.000000000000000000e+00,0.000000000000000000e+00,0.000000000000000000e+00,-8.034138538395499962e-01,5.954210102597002896e-01
1.788340698650614738e+09,5.625010382330697389e-01,-2.558149880849194258e+00,0.000000000000000000e+00,0.000000000000000000e+00,0.000000000000000000e+00,-8.022872377898803142e-01,5.969381777700971670e-01
1.788340698749763966e+09,5.273033169889984606e-01,-2.647532214425239783e+00,0.000000000000000000e+00,0.000000000000000000e+00,0.000000000000000000e+00,-8.005878147194619432e-01,5.992154461649970010e-01
1.788340698849796534e+09,4.899176386393899740e-01,-2.748073357488588275e+00,0.000000000000000000e+00,0.000000000000000000e+00,0.000000000000000000e+00,-7.975344174139673559e-01,6.032734479820606177e-01
1.788340698949799061e+09,4.505762078045805197e-01,-2.858422068076683420e+00,0.000000000000000000e+00,0.000000000000000000e+00,0.000000000000000000e+00,-7.955471754532434936e-01,6.058916500731514887e-01
1.788340699049804926e+09,4.090654128667907674e-01,-2.976615842901697118e+00,0.000000000000000000e+00,0.000000000000000000e+00,0.000000000000000000e+00,-7.944679061287742705e-01,6.073061387235938469e-01
1.788340699149703026e+09,3.683827742090761692e-01,-3.100486935030307922e+00,0.000000000000000000e+00,0.000000000000000000e+00,0.000000000000000000e+00,-7.929652339329890109e-01,6.092668855055231036e-01
1.788340699250702858e+09,3.251476854931405480e-01,-3.230482940816793214e+00,0.000000000000000000e+00,0.000000000000000000e+00,0.000000000000000000e+00,-7.931995657982504611e-01,6.089617794389620142e-01
1.788340699350573301e+09,2.859970262484681225e-01,-3.361883293397082806e+00,0.000000000000000000e+00,0.000000000000000000e+00,0.000000000000000000e+00,-7.936542943329486510e-01,6.083690171983360262e-01
1.788340699449706793e+09,2.541192580134779000e-01,-3.490908490120492313e+00,0.000000000000000000e+00,0.000000000000000000e+00,0.000000000000000000e+00,-7.919399851781897537e-01,6.105989353708115575e-01
1.788340699550638914e+09,2.364629532546200785e-01,-3.600901295581917960e+00,0.000000000000000000e+00,0.000000000000000000e+00,0.000000000000000000e+00,-7.947068732991179330e-01,6.069933982599313715e-01
1.788340699649759293e+09,2.316670012099197873e-01,-3.694384352634173307e+00,0.000000000000000000e+00,0.000000000000000000e+00,0.000000000000000000e+00,-7.946601514284342693e-01,6.070545640481896932e-01
1.788340699749685049e+09,2.330087548107622197e-01,-3.778760108852191824e+00,0.000000000000000000e+00,0.000000000000000000e+00,0.000000000000000000e+00,-7.972587023636273917e-01,6.036377734249780413e-01
1.788340699849800348e+09,2.389069860237067466e-01,-3.860370598478394921e+00,0.000000000000000000e+00,0.000000000000000000e+00,0.000000000000000000e+00,-7.976903822885551554e-01,6.030672052137631134e-01
1.788340699950595140e+09,2.492707872967336868e-01,-3.939002794092044457e+00,0.000000000000000000e+00,0.000000000000000000e+00,0.000000000000000000e+00,-7.977388468122076359e-01,6.030030947571737299e-01
1.788340700050661325e+09,2.583488841167305150e-01,-4.012288310618975729e+00,0.000000000000000000e+00,0.000000000000000000e+00,0.000000000000000000e+00,-8.000428248766596750e-01,5.999428959187486088e-01
1.788340700150631905e+09,2.697557407549004971e-01,-4.080684169166216790e+00,0.000000000000000000e+00,0.000000000000000000e+00,0.000000000000000000e+00,-7.992782904284012613e-01,6.009610756528681597e-01
1.788340700249733448e+09,2.787124320940979061e-01,-4.148618623710934372e+00,0.000000000000000000e+00,0.000000000000000000e+00,0.000000000000000000e+00,-7.998924484125412571e-01,6.001433753467498855e-01
1.788340700350650549e+09,2.841098784474795913e-01,-4.216909729985014010e+00,0.000000000000000000e+00,0.000000000000000000e+00,0.000000000000000000e+00,-8.002590095929155156e-01,5.996544984950632484e-01
1.788340700450501204e+09,2.875167625438035390e-01,-4.289434599350844479e+00,0.000000000000000000e+00,0.000000000000000000e+00,0.000000000000000000e+00,-8.001275302177832671e-01,5.998299220509014651e-01
1.788340700549663305e+09,2.904712120263059916e-01,-4.361293994767594384e+00,0.000000000000000000e+00,0.000000000000000000e+00,0.000000000000000000e+00,-8.011995351195470016e-01,5.983972801778280060e-01
1.788340700650585413e+09,2.940427895092372346e-01,-4.432239205236635726e+00,0.000000000000000000e+00,0.000000000000000000e+00,0.000000000000000000e+00,-8.023376100896126850e-01,5.968704712378462007e-01
1.788340700750618696e+09,2.969403738440696827e-01,-4.504406053355547002e+00,0.000000000000000000e+00,0.000000000000000000e+00,0.000000000000000000e+00,-8.020795393238822069e-01,5.972172239629301993e-01
1.788340700849700689e+09,3.042758762818169593e-01,-4.575452631525537939e+00,0.000000000000000000e+00,0.000000000000000000e+00,0.000000000000000000e+00,-8.022492991661140938e-01,5.969891640452772430e-01
1.788340700950600147e+09,3.249225190126505680e-01,-4.624314576108757180e+00,0.000000000000000000e+00,0.000000000000000000e+00,0.000000000000000000e+00,-7.995730869815411701e-01,6.005687958717210728e-01
1.788340701050564051e+09,3.495230467609202751e-01,-4.646750226619960955e+00,0.000000000000000000e+00,0.000000000000000000e+00,0.000000000000000000e+00,-7.953255296543214614e-01,6.061825648103655872e-01
1.788340701149719238e+09,3.615395809252988091e-01,-4.637106304876091656e+00,0.000000000000000000e+00,0.000000000000000000e+00,0.000000000000000000e+00,-7.925992602905714834e-01,6.097429069590223349e-01
1.788340701250584126e+09,3.683841170774007079e-01,-4.618296461275857467e+00,0.000000000000000000e+00,0.000000000000000000e+00,0.000000000000000000e+00,-7.913749123491828907e-01,6.113311280348179277e-01
1.788340701349759102e+09,3.804261805641113714e-01,-4.591791396300141770e+00,0.000000000000000000e+00,0.000000000000000000e+00,0.000000000000000000e+00,-7.830835192122767019e-01,6.219165554462400269e-01
1.788340701449688196e+09,3.912807801940374475e-01,-4.552691213524200364e+00,0.000000000000000000e+00,0.000000000000000000e+00,0.000000000000000000e+00,-7.700673753566554813e-01,6.379625674060445117e-01
1.788340701549664259e+09,3.965769723787810896e-01,-4.510366395673102602e+00,0.000000000000000000e+00,0.000000000000000000e+00,0.000000000000000000e+00,-7.568429268973499990e-01,6.535968053819208867e-01
1.788340701649786949e+09,4.040166065990291600e-01,-4.459538996589545334e+00,0.000000000000000000e+00,0.000000000000000000e+00,0.000000000000000000e+00,-7.425183245757276396e-01,6.698257517214863954e-01
1.788340701749640226e+09,4.090969523980327871e-01,-4.399345665070359956e+00,0.000000000000000000e+00,0.000000000000000000e+00,0.000000000000000000e+00,-7.245187003255474378e-01,6.892551435271118132e-01
1.788340701849640131e+09,4.068626376026596159e-01,-4.337825041299545603e+00,0.000000000000000000e+00,0.000000000000000000e+00,0.000000000000000000e+00,-7.068334844252514015e-01,7.073799723594510480e-01
1.788340701949776888e+09,3.999680980749988901e-01,-4.274101699376018360e+00,0.000000000000000000e+00,0.000000000000000000e+00,0.000000000000000000e+00,-6.933104926362251286e-01,7.206389947820717179e-01
1.788340702049714327e+09,3.927879550569135514e-01,-4.206315434432069011e+00,0.000000000000000000e+00,0.000000000000000000e+00,0.000000000000000000e+00,-6.799028102290555209e-01,7.333022355363665312e-01
1.788340702150706768e+09,3.803847751390019294e-01,-4.137625951988534112e+00,0.000000000000000000e+00,0.000000000000000000e+00,0.000000000000000000e+00,-6.607258775526736461e-01,7.506272808340032077e-01
1.788340702249821663e+09,3.669069676726228746e-01,-4.068835562132830930e+00,0.000000000000000000e+00,0.000000000000000000e+00,0.000000000000000000e+00,-6.468270785965002379e-01,7.626366962022721463e-01
1.788340702350636005e+09,3.501379797879555777e-01,-3.997723928014897954e+00,0.000000000000000000e+00,0.000000000000000000e+00,0.000000000000000000e+00,-6.385508380314720567e-01,7.695796432139463406e-01
1.788340702449632406e+09,3.328710584807341721e-01,-3.925520334013250068e+00,0.000000000000000000e+00,0.000000000000000000e+00,0.000000000000000000e+00,-6.284217124183520964e-01,7.778728375262797812e-01
1.788340702549752712e+09,3.178413018457444394e-01,-3.852673093549447980e+00,0.000000000000000000e+00,0.000000000000000000e+00,0.000000000000000000e+00,-6.172564681739997061e-01,7.867620049909375135e-01
1.788340702649692535e+09,2.987374996936291716e-01,-3.781589535310124095e+00,0.000000000000000000e+00,0.000000000000000000e+00,0.000000000000000000e+00,-6.049210926984677217e-01,7.962854209443318565e-01
1.788340702750657558e+09,2.743768742387260318e-01,-3.707677080850818374e+00,0.000000000000000000e+00,0.000000000000000000e+00,0.000000000000000000e+00,-5.935896055340812438e-01,8.047679045550300003e-01
1.788340702849766254e+09,2.585490839119908291e-01,-3.636796147118312117e+00,0.000000000000000000e+00,0.000000000000000000e+00,0.000000000000000000e+00,-5.873117003121530733e-01,8.093608383634877113e-01
1.788340702950531006e+09,2.440587881379263635e-01,-3.557846080173599379e+00,0.000000000000000000e+00,0.000000000000000000e+00,0.000000000000000000e+00,-5.847920889711630821e-01,8.111832176991479182e-01
1.788340703050601721e+09,2.381159669029564441e-01,-3.477892742909267643e+00,0.000000000000000000e+00,0.000000000000000000e+00,0.000000000000000000e+00,-5.857492221596405368e-01,8.104923495871975136e-01
1.788340703150605440e+09,2.554791400882368002e-01,-3.399237459633888125e+00,0.000000000000000000e+00,0.000000000000000000e+00,0.000000000000000000e+00,-5.860390251778366810e-01,8.102828277636217047e-01
1.788340703249715090e+09,2.816276930989276561e-01,-3.328329359223852091e+00,0.000000000000000000e+00,0.000000000000000000e+00,0.000000000000000000e+00,-5.881820863490831997e-01,8.087285288018715157e-01
1.788340703350648880e+09,3.168627188624391078e-01,-3.265202588741006107e+00,0.000000000000000000e+00,0.000000000000000000e+00,0.000000000000000000e+00,-5.903280759859621529e-01,8.071634052053598962e-01
1.788340703449791431e+09,3.618550999414071878e-01,-3.209059490917499868e+00,0.000000000000000000e+00,0.000000000000000000e+00,0.000000000000000000e+00,-5.906169542896884117e-01,8.069520514290623447e-01
1.788340703550622225e+09,4.087036522067035715e-01,-3.159714965419422317e+00,0.000000000000000000e+00,0.000000000000000000e+00,0.000000000000000000e+00,-5.925381339286172055e-01,8.055424010195813000e-01
1.788340703650595427e+09,4.629231345005759835e-01,-3.119411968651218725e+00,0.000000000000000000e+00,0.000000000000000000e+00,0.000000000000000000e+00,-5.917628675712836017e-01,8.061120942919857146e-01
1.788340703750528812e+09,4.635240145946912804e-01,-3.119208416544151152e+00,0.000000000000000000e+00,0.000000000000000000e+00,0.000000000000000000e+00,-5.916947755020526278e-01,8.061620759149957793e-01
1.788340703849712133e+09,5.738580084851827579e-01,-2.979671505389852815e+00,0.000000000000000000e+00,0.000000000000000000e+00,0.000000000000000000e+00,-5.860374231610915308e-01,8.102839864237154632e-01
1.788340703950577497e+09,5.954975308562331371e-01,-2.873958775454407810e+00,0.000000000000000000e+00,0.000000000000000000e+00,0.000000000000000000e+00,-5.815627891069166111e-01,8.135015195598492843e-01
1.788340704050574064e+09,5.908818971111848839e-01,-2.821145725834053319e+00,0.000000000000000000e+00,0.000000000000000000e+00,0.000000000000000000e+00,-5.809468205866673562e-01,8.139415161117181663e-01
1.788340704149616718e+09,5.558699098312129827e-01,-2.825041992215215902e+00,0.000000000000000000e+00,0.000000000000000000e+00,0.000000000000000000e+00,-5.808928011974142658e-01,8.139800694839042228e-01
1.788340704250585079e+09,5.146838497853116756e-01,-2.808972154608615046e+00,0.000000000000000000e+00,0.000000000000000000e+00,0.000000000000000000e+00,-5.821705928260154650e-01,8.130666644553850020e-01
1.788340704349687338e+09,4.799552595543938871e-01,-2.775468073382308720e+00,0.000000000000000000e+00,0.000000000000000000e+00,0.000000000000000000e+00,-5.844896682366732543e-01,8.114011509263365785e-01
1.788340704450587034e+09,4.668015776928928773e-01,-2.762324470069953630e+00,0.000000000000000000e+00,0.000000000000000000e+00,0.000000000000000000e+00,-5.833154422862713018e-01,8.122457108476300869e-01
1.788340704550626516e+09,4.548104281634186563e-01,-2.721381420269504137e+00,0.000000000000000000e+00,0.000000000000000000e+00,0.000000000000000000e+00,-5.835425707752880387e-01,8.120825500483110915e-01
1.788340704649690866e+09,4.412014979679739213e-01,-2.675808496238615941e+00,0.000000000000000000e+00,0.000000000000000000e+00,0.000000000000000000e+00,-5.837895820238058198e-01,8.119049968564487907e-01
1.788340704750628471e+09,4.284333139543152758e-01,-2.601014829278456286e+00,0.000000000000000000e+00,0.000000000000000000e+00,0.000000000000000000e+00,-5.828379916957487916e-01,8.125883800769404530e-01
1.788340704850572109e+09,4.112793804369430095e-01,-2.510016369055658725e+00,0.000000000000000000e+00,0.000000000000000000e+00,0.000000000000000000e+00,-5.827556828866783389e-01,8.126474106666932151e-01
1.788340704950579882e+09,3.967030176453625323e-01,-2.422990554821304432e+00,0.000000000000000000e+00,0.000000000000000000e+00,0.000000000000000000e+00,-5.839914644592912873e-01,8.117597978704613748e-01
1.788340705049672127e+09,3.778336942886750816e-01,-2.330955428919875505e+00,0.000000000000000000e+00,0.000000000000000000e+00,0.000000000000000000e+00,-5.823736655098971093e-01,8.129212223337305421e-01
1.788340705150482416e+09,3.534180710138521420e-01,-2.232697170050468305e+00,0.000000000000000000e+00,0.000000000000000000e+00,0.000000000000000000e+00,-5.831778773129294713e-01,8.123444856788194501e-01
1.788340705249727726e+09,3.265280625142930049e-01,-2.132474667373438937e+00,0.000000000000000000e+00,0.000000000000000000e+00,0.000000000000000000e+00,-5.824818741002318889e-01,8.128436912129426428e-01
1.788340705350539684e+09,2.965009175446242651e-01,-2.030433969443568021e+00,0.000000000000000000e+00,0.000000000000000000e+00,0.000000000000000000e+00,-5.814738971608679474e-01,8.135650600416367562e-01
1.788340705449805498e+09,2.578208250702205273e-01,-1.928116522028441526e+00,0.000000000000000000e+00,0.000000000000000000e+00,0.000000000000000000e+00,-5.790279894428328467e-01,8.153076642849560463e-01
1.788340705550561666e+09,2.035120748050465167e-01,-1.831327877758464506e+00,0.000000000000000000e+00,0.000000000000000000e+00,0.000000000000000000e+00,-5.768434248183572643e-01,8.168547381535031793e-01
1.788340705649646997e+09,1.364841971153409883e-01,-1.740882200413965908e+00,0.000000000000000000e+00,0.000000000000000000e+00,0.000000000000000000e+00,-5.726762900399406941e-01,8.197815970281899789e-01
1.788340705750531197e+09,6.314318107547745029e-02,-1.652616908826864961e+00,0.000000000000000000e+00,0.000000000000000000e+00,0.000000000000000000e+00,-5.715853656577967179e-01,8.205426069168150205e-01
1.788340705850469351e+09,-1.143346291075086896e-02,-1.564173976094923812e+00,0.000000000000000000e+00,0.000000000000000000e+00,0.000000000000000000e+00,-5.685592574731285209e-01,8.226423103278878157e-01
1.788340705949662685e+09,-8.165430030711773313e-02,-1.478126263760400683e+00,0.000000000000000000e+00,0.000000000000000000e+00,0.000000000000000000e+00,-5.667055121259421124e-01,8.239204224475040750e-01
1.788340706050547123e+09,-1.407694520372311242e-01,-1.388610187365237891e+00,0.000000000000000000e+00,0.000000000000000000e+00,0.000000000000000000e+00,-5.647266362954295182e-01,8.252780296714857800e-01
1.788340706150518656e+09,-1.819919665995031188e-01,-1.298446656780636754e+00,0.000000000000000000e+00,0.000000000000000000e+00,0.000000000000000000e+00,-5.633683377463765130e-01,8.262058557193145969e-01
1.788340706250484467e+09,-2.182785066379715477e-01,-1.211199462949605898e+00,0.000000000000000000e+00,0.000000000000000000e+00,0.000000000000000000e+00,-5.606987533364817811e-01,8.280198717463941316e-01
1.788340706350545406e+09,-2.478580101099532307e-01,-1.130424407167437639e+00,0.000000000000000000e+00,0.000000000000000000e+00,0.000000000000000000e+00,-5.602807150321295060e-01,8.283027950955410557e-01
1.788340706449707508e+09,-2.730450190573119329e-01,-1.055164862242641721e+00,0.000000000000000000e+00,0.000000000000000000e+00,0.000000000000000000e+00,-5.591764340564520097e-01,8.290486810772395021e-01
1.788340706550557613e+09,-2.990239350139223262e-01,-9.830698976438738690e-01,0.000000000000000000e+00,0.000000000000000000e+00,0.000000000000000000e+00,-5.575953490033669357e-01,8.301129000140966552e-01
1.788340706649828434e+09,-3.252086737415986750e-01,-9.156733415498705675e-01,0.000000000000000000e+00,0.000000000000000000e+00,0.000000000000000000e+00,-5.568360088227254368e-01,8.306224529100917353e-01
1.788340706750540733e+09,-3.517328712188494411e-01,-8.515699077165863606e-01,0.000000000000000000e+00,0.000000000000000000e+00,0.000000000000000000e+00,-5.564222671555009159e-01,8.308996694027097618e-01
1.788340706850512505e+09,-3.816031555005940934e-01,-7.869927326986894123e-01,0.000000000000000000e+00,0.000000000000000000e+00,0.000000000000000000e+00,-5.552809386915743550e-01,8.316628398129881639e-01
1.788340706950646639e+09,-4.145216072941646512e-01,-7.259200029721490921e-01,0.000000000000000000e+00,0.000000000000000000e+00,0.000000000000000000e+00,-5.555919891219346374e-01,8.314550749280035236e-01
1.788340707050541878e+09,-4.423347439819784732e-01,-6.628824458553492782e-01,0.000000000000000000e+00,0.000000000000000000e+00,0.000000000000000000e+00,-5.538608259258441802e-01,8.326092634031535544e-01
1.788340707150540113e+09,-4.756132758457618515e-01,-5.993105663823490303e-01,0.000000000000000000e+00,0.000000000000000000e+00,0.000000000000000000e+00,-5.530138650486793317e-01,8.331720500976500521e-01
1.788340707249632359e+09,-5.096510991101972365e-01,-5.380671048048100147e-01,0.000000000000000000e+00,0.000000000000000000e+00,0.000000000000000000e+00,-5.517841538014759406e-01,8.339869588989921034e-01
1.788340707350462198e+09,-5.422869207320912821e-01,-4.711045011571988184e-01,0.000000000000000000e+00,0.000000000000000000e+00,0.000000000000000000e+00,-5.510966671218833213e-01,8.344414080611963769e-01
1.788340707450592279e+09,-5.741996358056697947e-01,-4.076106194146817963e-01,0.000000000000000000e+00,0.000000000000000000e+00,0.000000000000000000e+00,-5.508246707433104294e-01,8.346209811049105642e-01
1.788340707550464630e+09,-6.058759848568536777e-01,-3.378666746305736268e-01,0.000000000000000000e+00,0.000000000000000000e+00,0.000000000000000000e+00,-5.509582831340423814e-01,8.345327856028115221e-01
1.788340707650494099e+09,-6.376620305567644031e-01,-2.656728036810527271e-01,0.000000000000000000e+00,0.000000000000000000e+00,0.000000000000000000e+00,-5.514153268124131202e-01,8.342308657418278095e-01
1.788340707750470877e+09,-6.686862276994796073e-01,-1.911246169771221304e-01,0.000000000000000000e+00,0.000000000000000000e+00,0.000000000000000000e+00,-5.506215242706271606e-01,8.347550161633596755e-01
1.788340707850607395e+09,-6.994536294223211437e-01,-1.116883441572706914e-01,0.000000000000000000e+00,0.000000000000000000e+00,0.000000000000000000e+00,-5.503944376300741181e-01,8.349047628477599403e-01
1.788340707950464487e+09,-7.299300288291289407e-01,-3.075356550478058892e-02,0.000000000000000000e+00,0.000000000000000000e+00,0.000000000000000000e+00,-5.507988658547364746e-01,8.346380109802908898e-01
1.788340708050459862e+09,-7.616151098875275638e-01,5.297647112166936623e-02,0.000000000000000000e+00,0.000000000000000000e+00,0.000000000000000000e+00,-5.495307173163438419e-01,8.354735128810396594e-01
1.788340708149731636e+09,-7.948320372216362006e-01,1.400643729047934549e-01,0.000000000000000000e+00,0.000000000000000000e+00,0.000000000000000000e+00,-5.490412947502969487e-01,8.357952241182751152e-01
1.788340708250497818e+09,-8.295100973252246268e-01,2.267908402502816223e-01,0.000000000000000000e+00,0.000000000000000000e+00,0.000000000000000000e+00,-5.490351889904696581e-01,8.357992350141264515e-01
1.788340708350566149e+09,-8.643084691324194324e-01,3.128682884953497556e-01,0.000000000000000000e+00,0.000000000000000000e+00,0.000000000000000000e+00,-5.481442619162285590e-01,8.363838043197113770e-01
1.788340708450500250e+09,-8.972632888289328035e-01,3.978577993482916852e-01,0.000000000000000000e+00,0.000000000000000000e+00,0.000000000000000000e+00,-5.475796009126993047e-01,8.367535961466128214e-01
1.788340708550501823e+09,-9.287908993549521819e-01,4.817923016660743407e-01,0.000000000000000000e+00,0.000000000000000000e+00,0.000000000000000000e+00,-5.466830910942309663e-01,8.373395953325371011e-01
1.788340708650633574e+09,-9.587443536228992258e-01,5.600570681872059087e-01,0.000000000000000000e+00,0.000000000000000000e+00,0.000000000000000000e+00,-5.456958539969256616e-01,8.379833142315935568e-01
1.788340708750507355e+09,-9.890778399057519321e-01,6.337711416711158119e-01,0.000000000000000000e+00,0.000000000000000000e+00,0.000000000000000000e+00,-5.465109613588381432e-01,8.374519503318615943e-01
1.788340708849655390e+09,-1.017990134116699696e+00,7.015545376920957477e-01,0.000000000000000000e+00,0.000000000000000000e+00,0.000000000000000000e+00,-5.449018503046252349e-01,8.384998351428555319e-01
1.788340708949636459e+09,-1.041456737856890635e+00,7.633023818919275616e-01,0.000000000000000000e+00,0.000000000000000000e+00,0.000000000000000000e+00,-5.447513901919758261e-01,8.385975929394917650e-01
1.788340709050422668e+09,-1.058632261436135202e+00,8.178399010788570678e-01,0.000000000000000000e+00,0.000000000000000000e+00,0.000000000000000000e+00,-5.454010680124146138e-01,8.381752054379306704e-01
1.788340709149641991e+09,-1.066445586847336369e+00,8.651399465248168497e-01,0.000000000000000000e+00,0.000000000000000000e+00,0.000000000000000000e+00,-5.458895523273519235e-01,8.378571457353832796e-01
1.788340709249649763e+09,-1.065740764094940563e+00,9.150500327594801586e-01,0.000000000000000000e+00,0.000000000000000000e+00,0.000000000000000000e+00,-5.462076925867481725e-01,8.376497815668910718e-01
1.788340709350532532e+09,-1.063039687567023162e+00,9.649542788522129655e-01,0.000000000000000000e+00,0.000000000000000000e+00,0.000000000000000000e+00,-5.461284604143046284e-01,8.377014412817380684e-01
1.788340709449664593e+09,-1.059741046036922762e+00,1.016022791957192917e+00,0.000000000000000000e+00,0.000000000000000000e+00,0.000000000000000000e+00,-5.463098726934081384e-01,8.375831439312231286e-01
1.788340709550574064e+09,-1.058866794554508717e+00,1.069452657160937070e+00,0.000000000000000000e+00,0.000000000000000000e+00,0.000000000000000000e+00,-5.460594520518875505e-01,8.377464263276759304e-01
1.788340709650579929e+09,-1.054137558305057398e+00,1.120702594844131594e+00,0.000000000000000000e+00,0.000000000000000000e+00,0.000000000000000000e+00,-5.467543448655456384e-01,8.372930707766832459e-01
1.788340709750449657e+09,-1.048904890547537327e+00,1.173603463046423379e+00,0.000000000000000000e+00,0.000000000000000000e+00,0.000000000000000000e+00,-5.456180279783643394e-01,8.380339894926701616e-01
1.788340709850553513e+09,-1.046175968693615399e+00,1.225553294858572340e+00,0.000000000000000000e+00,0.000000000000000000e+00,0.000000000000000000e+00,-5.467935487336369471e-01,8.372674692493885518e-01
1.788340709950456858e+09,-1.043978752457443315e+00,1.282686708248338858e+00,0.000000000000000000e+00,0.000000000000000000e+00,0.000000000000000000e+00,-5.454296910056549708e-01,8.381565797447847466e-01
1.788340710050603151e+09,-1.037580990499729516e+00,1.339218567548319028e+00,0.000000000000000000e+00,0.000000000000000000e+00,0.000000000000000000e+00,-5.446228028838610014e-01,8.386811089913299710e-01
1.788340710150521040e+09,-1.031753370918017332e+00,1.395609300825644494e+00,0.000000000000000000e+00,0.000000000000000000e+00,0.000000000000000000e+00,-5.445641349371773687e-01,8.387192038698789709e-01
1.788340710249746323e+09,-1.028667444062366654e+00,1.450657674384211671e+00,0.000000000000000000e+00,0.000000000000000000e+00,0.000000000000000000e+00,-5.451529739129595820e-01,8.383365881517137463e-01
1.788340710350467205e+09,-1.023404312198693322e+00,1.507245957372539635e+00,0.000000000000000000e+00,0.000000000000000000e+00,0.000000000000000000e+00,-5.432729869867324313e-01,8.395561098643222753e-01
1.788340710450534821e+09,-1.020028661369893008e+00,1.560659811818804865e+00,0.000000000000000000e+00,0.000000000000000000e+00,0.000000000000000000e+00,-5.446720409796081963e-01,8.386491326980001215e-01
1.788340710550474167e+09,-1.018186024409344803e+00,1.615558960760940188e+00,0.000000000000000000e+00,0.000000000000000000e+00,0.000000000000000000e+00,-5.417257204413956639e-01,8.405553187103456114e-01
1.788340710650573015e+09,-1.017910089733332413e+00,1.666451977207008328e+00,0.000000000000000000e+00,0.000000000000000000e+00,0.000000000000000000e+00,-5.412232992313376068e-01,8.408789094567337141e-01
1.788340710750479937e+09,-1.022149606808113953e+00,1.717150015053008794e+00,0.000000000000000000e+00,0.000000000000000000e+00,0.000000000000000000e+00,-5.412407098659336446e-01,8.408677030210046643e-01
1.788340710850421190e+09,-1.027766959641851052e+00,1.760330414413745270e+00,0.000000000000000000e+00,0.000000000000000000e+00,0.000000000000000000e+00,-5.405799219232672037e-01,8.412926648993407364e-01
1.788340710950570345e+09,-1.033091105214643424e+00,1.805525567783350605e+00,0.000000000000000000e+00,0.000000000000000000e+00,0.000000000000000000e+00,-5.400428869152903433e-01,8.416374993381644520e-01
1.788340711050495148e+09,-1.040151352186980294e+00,1.848356210177027670e+00,0.000000000000000000e+00,0.000000000000000000e+00,0.000000000000000000e+00,-5.402277429760510286e-01,8.415188564250963843e-01
1.788340711150491476e+09,-1.043009738977257683e+00,1.900011255123796650e+00,0.000000000000000000e+00,0.000000000000000000e+00,0.000000000000000000e+00,-5.258036289546198505e-01,8.506059862110968428e-01
1.788340711250503778e+09,-1.034551695664771120e+00,1.966494193961423553e+00,0.000000000000000000e+00,0.000000000000000000e+00,0.000000000000000000e+00,-4.934219466169985080e-01,8.697900796150137559e-01
1.788340711350482464e+09,-1.035895645719784541e+00,2.037239883571162480e+00,0.000000000000000000e+00,0.000000000000000000e+00,0.000000000000000000e+00,-4.594165674524542387e-01,8.882209283450849258e-01
1.788340711450442314e+09,-1.040900277135831553e+00,2.105891472694592093e+00,0.000000000000000000e+00,0.000000000000000000e+00,0.000000000000000000e+00,-4.246343729729413208e-01,9.053649260325236092e-01
1.788340711550390005e+09,-1.054042464788951472e+00,2.170723261980096908e+00,0.000000000000000000e+00,0.000000000000000000e+00,0.000000000000000000e+00,-3.942390449317649259e-01,9.190079300263352957e-01
1.788340711650477886e+09,-1.071381712930369545e+00,2.232074790982236046e+00,0.000000000000000000e+00,0.000000000000000000e+00,0.000000000000000000e+00,-3.640176402910669240e-01,9.313920536256058424e-01
1.788340711750428438e+09,-1.090499724258331637e+00,2.280138943771229609e+00,0.000000000000000000e+00,0.000000000000000000e+00,0.000000000000000000e+00,-3.439905574794263066e-01,9.389731073704898900e-01
1.788340711850626469e+09,-1.110841552580738689e+00,2.313516732803516884e+00,0.000000000000000000e+00,0.000000000000000000e+00,0.000000000000000000e+00,-3.353587016281235900e-01,9.420905164803959897e-01
1.788340711950486183e+09,-1.125119046388616040e+00,2.338558482861958332e+00,0.000000000000000000e+00,0.000000000000000000e+00,0.000000000000000000e+00,-3.227816437752310530e-01,9.464734599774892176e-01
1.788340712050465345e+09,-1.136163269938494480e+00,2.362341149587262823e+00,0.000000000000000000e+00,0.000000000000000000e+00,0.000000000000000000e+00,-3.139987884503878113e-01,9.494233833499617914e-01
1.788340712150470018e+09,-1.147658189425544428e+00,2.382965401486496937e+00,0.000000000000000000e+00,0.000000000000000000e+00,0.000000000000000000e+00,-3.043754678232072353e-01,9.525521374640885108e-01
1.788340712250513315e+09,-1.153409495790153061e+00,2.405080599281280040e+00,0.000000000000000000e+00,0.000000000000000000e+00,0.000000000000000000e+00,-2.931926567404734008e-01,9.560533803263616681e-01
1.788340712350587606e+09,-1.159669085409141820e+00,2.427816353006530647e+00,0.000000000000000000e+00,0.000000000000000000e+00,0.000000000000000000e+00,-2.839939555333078069e-01,9.588260703696710463e-01
1.788340712450488091e+09,-1.167156106453607567e+00,2.445993278234428026e+00,0.000000000000000000e+00,0.000000000000000000e+00,0.000000000000000000e+00,-2.751353008129324706e-01,9.614055160267062083e-01
1.788340712550550222e+09,-1.173330110571869644e+00,2.466263023440168567e+00,0.000000000000000000e+00,0.000000000000000000e+00,0.000000000000000000e+00,-2.642494351997353719e-01,9.644543721693737970e-01
1.788340712649704456e+09,-1.180636813519151840e+00,2.485962468284816040e+00,0.000000000000000000e+00,0.000000000000000000e+00,0.000000000000000000e+00,-2.537267524967771193e-01,9.672759353294380080e-01
1.788340712750585556e+09,-1.186800991663165661e+00,2.505106202846073327e+00,0.000000000000000000e+00,0.000000000000000000e+00,0.000000000000000000e+00,-2.433494955176575270e-01,9.699386697267521340e-01
1.788340712850492239e+09,-1.191807323590089007e+00,2.523629139740974026e+00,0.000000000000000000e+00,0.000000000000000000e+00,0.000000000000000000e+00,-2.325613573325534811e-01,9.725817266819485329e-01
1.788340712950417042e+09,-1.197470443751004421e+00,2.539654423722845777e+00,0.000000000000000000e+00,0.000000000000000000e+00,0.000000000000000000e+00,-2.226257621527797104e-01,9.749039799005304596e-01
1.788340713050395489e+09,-1.202873378437339547e+00,2.554195769087864942e+00,0.000000000000000000e+00,0.000000000000000000e+00,0.000000000000000000e+00,-2.136096688800002141e-01,9.769190904885504123e-01
1.788340713150386333e+09,-1.207575524475123618e+00,2.565905850387924847e+00,0.000000000000000000e+00,0.000000000000000000e+00,0.000000000000000000e+00,-2.040686773106236140e-01,9.789565745939360353e-01
1.788340713250485659e+09,-1.213193709105909290e+00,2.579145020617797712e+00,0.000000000000000000e+00,0.000000000000000000e+00,0.000000000000000000e+00,-1.954545516721203358e-01,9.807127603078541478e-01
1.788340713350535393e+09,-1.217700554426437431e+00,2.590949752957975694e+00,0.000000000000000000e+00,0.000000000000000000e+00,0.000000000000000000e+00,-1.866928097271977338e-01,9.824183400141531797e-01
1.788340713450484991e+09,-1.222545842521883142e+00,2.604566500250662830e+00,0.000000000000000000e+00,0.000000000000000000e+00,0.000000000000000000e+00,-1.771106390686352228e-01,9.841909476969901149e-01
1.788340713550383329e+09,-1.231968048825229811e+00,2.616718971846819120e+00,0.000000000000000000e+00,0.000000000000000000e+00,0.000000000000000000e+00,-1.688919053849380070e-01,9.856345794945736705e-01
1.788340713649658442e+09,-1.239772542424073087e+00,2.629371695993833580e+00,0.000000000000000000e+00,0.000000000000000000e+00,0.000000000000000000e+00,-1.613039046456516967e-01,9.869047828164917435e-01
1.788340713750466108e+09,-1.241786340699551294e+00,2.634751923647272953e+00,0.000000000000000000e+00,0.000000000000000000e+00,0.000000000000000000e+00,-1.521037208860161749e-01,9.883645370472521341e-01
1.788340713850395203e+09,-1.241207882500474646e+00,2.631558360986180567e+00,0.000000000000000000e+00,0.000000000000000000e+00,0.000000000000000000e+00,-1.530744955647073413e-01,9.882146521923312887e-01
1.788340713950459480e+09,-1.241587905535538772e+00,2.627695215393773154e+00,0.000000000000000000e+00,0.000000000000000000e+00,0.000000000000000000e+00,-1.525235360077226709e-01,9.882998385933801089e-01
1.788340714050404549e+09,-1.239692292029365372e+00,2.624846585725023829e+00,0.000000000000000000e+00,0.000000000000000000e+00,0.000000000000000000e+00,-1.524126541045401906e-01,9.883169445419874855e-01
1.788340714150498629e+09,-1.238040795709335784e+00,2.623795419822222197e+00,0.000000000000000000e+00,0.000000000000000000e+00,0.000000000000000000e+00,-1.526493529481148248e-01,9.882804131644631340e-01
1.788340714250380278e+09,-1.238448196407635038e+00,2.623917022359976592e+00,0.000000000000000000e+00,0.000000000000000000e+00,0.000000000000000000e+00,-1.525584903851550100e-01,9.882944434789676658e-01
1.788340714350408316e+09,-1.240265583637929492e+00,2.623475507197162937e+00,0.000000000000000000e+00,0.000000000000000000e+00,0.000000000000000000e+00,-1.524919316226303612e-01,9.883047155558850605e-01
1.788340714450479746e+09,-1.240969090515882556e+00,2.623738782156639360e+00,0.000000000000000000e+00,0.000000000000000000e+00,0.000000000000000000e+00,-1.524041304099284511e-01,9.883182589803719553e-01
1.788340714550481796e+09,-1.241286882725794571e+00,2.624599040651696580e+00,0.000000000000000000e+00,0.000000000000000000e+00,0.000000000000000000e+00,-1.524655250842140986e-01,9.883087896304448838e-01
1.788340714650471687e+09,-1.241912000699606500e+00,2.624521363429533682e+00,0.000000000000000000e+00,0.000000000000000000e+00,0.000000000000000000e+00,-1.526145716521818407e-01,9.882857848413185708e-01
1.788340714750423908e+09,-1.241625395218463268e+00,2.626921937542582075e+00,0.000000000000000000e+00,0.000000000000000000e+00,0.000000000000000000e+00,-1.527874110158667087e-01,9.882590789034363388e-01
1.788340714850525618e+09,-1.241469020087105246e+00,2.627062151104288645e+00,0.000000000000000000e+00,0.000000000000000000e+00,0.000000000000000000e+00,-1.525828764725933318e-01,9.882906788022183253e-01
1.788340714950363636e+09,-1.241810932584989535e+00,2.627263628156210284e+00,0.000000000000000000e+00,0.000000000000000000e+00,0.000000000000000000e+00,-1.525348011848810525e-01,9.882980999817255752e-01
1.788340715050467730e+09,-1.241034510834502669e+00,2.627349198111014417e+00,0.000000000000000000e+00,0.000000000000000000e+00,0.000000000000000000e+00,-1.524749263307704217e-01,9.883073392626537945e-01
1.788340715150439739e+09,-1.240706125405333315e+00,2.628258034713520708e+00,0.000000000000000000e+00,0.000000000000000000e+00,0.000000000000000000e+00,-1.525045945031321404e-01,9.883027616350342770e-01
1.788340715250439644e+09,-1.239869142453850159e+00,2.627747278649139595e+00,0.000000000000000000e+00,0.000000000000000000e+00,0.000000000000000000e+00,-1.525704713372186550e-01,9.882925939598753429e-01
1.788340715350404024e+09,-1.240816988676936461e+00,2.628233785782632115e+00,0.000000000000000000e+00,0.000000000000000000e+00,0.000000000000000000e+00,-1.523774670157951594e-01,9.883223702546908296e-01
1.788340715450323105e+09,-1.240442689062017934e+00,2.627467342441549114e+00,0.000000000000000000e+00,0.000000000000000000e+00,0.000000000000000000e+00,-1.522836564578992080e-01,9.883368292114852460e-01
1.788340715550407887e+09,-1.239647542998294050e+00,2.626423046060436750e+00,0.000000000000000000e+00,0.000000000000000000e+00,0.000000000000000000e+00,-1.524293556799103388e-01,9.883143687749396111e-01
1.788340715649675131e+09,-1.240859629831726485e+00,2.624460581876891130e+00,0.000000000000000000e+00,0.000000000000000000e+00,0.000000000000000000e+00,-1.523469740499422964e-01,9.883270711145303311e-01
1.788340715750501871e+09,-1.241546294190406741e+00,2.624419658639490560e+00,0.000000000000000000e+00,0.000000000000000000e+00,0.000000000000000000e+00,-1.523974395555294237e-01,9.883192907238625979e-01
1.788340715850397348e+09,-1.242708814963338071e+00,2.625153830350395179e+00,0.000000000000000000e+00,0.000000000000000000e+00,0.000000000000000000e+00,-1.523273963983663160e-01,9.883300887388255518e-01
1.788340715950406075e+09,-1.243098801500309714e+00,2.626196829584707793e+00,0.000000000000000000e+00,0.000000000000000000e+00,0.000000000000000000e+00,-1.523677206812086016e-01,9.883238728748856561e-01
1.788340716050345898e+09,-1.241254356099244838e+00,2.627472281033539137e+00,0.000000000000000000e+00,0.000000000000000000e+00,0.000000000000000000e+00,-1.525120956736294719e-01,9.883016041033412247e-01
1.788340716150408983e+09,-1.240980676097794166e+00,2.628668574636658040e+00,0.000000000000000000e+00,0.000000000000000000e+00,0.000000000000000000e+00,-1.523038426727425509e-01,9.883337186938006003e-01
1.788340716250446558e+09,-1.239852047778857935e+00,2.629216116019550853e+00,0.000000000000000000e+00,0.000000000000000000e+00,0.000000000000000000e+00,-1.523494357909048191e-01,9.883266916430987203e-01
1.788340716350355625e+09,-1.237951629188755120e+00,2.629100794907726524e+00,0.000000000000000000e+00,0.000000000000000000e+00,0.000000000000000000e+00,-1.524960151957673038e-01,9.883040854663164287e-01
1.788340716450357437e+09,-1.238153490658390865e+00,2.628382168313788458e+00,0.000000000000000000e+00,0.000000000000000000e+00,0.000000000000000000e+00,-1.523425603636677783e-01,9.883277514579070777e-01
1.788340716550326109e+09,-1.236766946976620929e+00,2.627709083449587535e+00,0.000000000000000000e+00,0.000000000000000000e+00,0.000000000000000000e+00,-1.522736151668503679e-01,9.883383763286832657e-01
1.788340716650364399e+09,-1.236667025133564746e+00,2.626259990569198344e+00,0.000000000000000000e+00,0.000000000000000000e+00,0.000000000000000000e+00,-1.522364686882746176e-01,9.883440987840844683e-01
1.788340716750416756e+09,-1.237297403293148301e+00,2.625451286916224092e+00,0.000000000000000000e+00,0.000000000000000000e+00,0.000000000000000000e+00,-1.522509986783741054e-01,9.883418605935082590e-01
1.788340716850399971e+09,-1.239152909390413893e+00,2.624170438826467056e+00,0.000000000000000000e+00,0.000000000000000000e+00,0.000000000000000000e+00,-1.521109978354932002e-01,9.883634171383977041e-01
1.788340716950368404e+09,-1.239857868255571427e+00,2.624434717825415486e+00,0.000000000000000000e+00,0.000000000000000000e+00,0.000000000000000000e+00,-1.522519725371465904e-01,9.883417105730931684e-01
1.788340717050435543e+09,-1.240573130893515730e+00,2.625749107523594805e+00,0.000000000000000000e+00,0.000000000000000000e+00,0.000000000000000000e+00,-1.523728787239732319e-01,9.883230776569821296e-01
1.788340717150400162e+09,-1.240397478624239991e+00,2.627219092563148450e+00,0.000000000000000000e+00,0.000000000000000000e+00,0.000000000000000000e+00,-1.524875459241867015e-01,9.883053922437228245e-01
1.788340717250433207e+09,-1.240894215084327179e+00,2.627565004065235854e+00,0.000000000000000000e+00,0.000000000000000000e+00,0.000000000000000000e+00,-1.523943670301083630e-01,9.883197644980559193e-01
1.788340717350329161e+09,-1.241030354931743407e+00,2.627278145735546744e+00,0.000000000000000000e+00,0.000000000000000000e+00,0.000000000000000000e+00,-1.523127523202967570e-01,9.883323456614256930e-01
1.788340717450423002e+09,-1.241739971706465662e+00,2.627865488743231559e+00,0.000000000000000000e+00,0.000000000000000000e+00,0.000000000000000000e+00,-1.524610955255856770e-01,9.883094729643838727e-01
1.788340717550356627e+09,-1.241497841519974443e+00,2.627435134879344325e+00,0.000000000000000000e+00,0.000000000000000000e+00,0.000000000000000000e+00,-1.523601141215253363e-01,9.883250455315173433e-01
1.788340717650364161e+09,-1.241712144066964285e+00,2.628921233498690668e+00,0.000000000000000000e+00,0.000000000000000000e+00,0.000000000000000000e+00,-1.522137799852429640e-01,9.883475933003551539e-01
1.788340717750404596e+09,-1.239711774575324110e+00,2.628136246468643744e+00,0.000000000000000000e+00,0.000000000000000000e+00,0.000000000000000000e+00,-1.523178212271461274e-01,9.883315644745012118e-01
1.788340717850339413e+09,-1.239895126774602563e+00,2.626665091704221133e+00,0.000000000000000000e+00,0.000000000000000000e+00,0.000000000000000000e+00,-1.521810042827332343e-01,9.883526404758066208e-01
1.788340717950335741e+09,-1.239798694521728750e+00,2.626951738941067926e+00,0.000000000000000000e+00,0.000000000000000000e+00,0.000000000000000000e+00,-1.523328108757091570e-01,9.883292542117255719e-01
1.788340718050368071e+09,-1.238866678392818388e+00,2.626811673820387938e+00,0.000000000000000000e+00,0.000000000000000000e+00,0.000000000000000000e+00,-1.523262139466090292e-01,9.883302709847006096e-01
1.788340718150407314e+09,-1.237644525425122932e+00,2.625923031209075109e+00,0.000000000000000000e+00,0.000000000000000000e+00,0.000000000000000000e+00,-1.523200559704542545e-01,9.883312200619575050e-01
1.788340718249747038e+09,-1.236942288313363614e+00,2.625920782624623140e+00,0.000000000000000000e+00,0.000000000000000000e+00,0.000000000000000000e+00,-1.523756756849460048e-01,9.883226464366563491e-01
1.788340718350289822e+09,-1.237243194918300704e+00,2.625294705032751974e+00,0.000000000000000000e+00,0.000000000000000000e+00,0.000000000000000000e+00,-1.523341605385310493e-01,9.883290461850349207e-01
1.788340718450295925e+09,-1.239873872222160278e+00,2.624426497781268353e+00,0.000000000000000000e+00,0.000000000000000000e+00,0.000000000000000000e+00,-1.523856254353229411e-01,9.883211123722317470e-01
1.788340718550361633e+09,-1.241644222229035588e+00,2.624352353820826877e+00,0.000000000000000000e+00,0.000000000000000000e+00,0.000000000000000000e+00,-1.523370705931278990e-01,9.883285976450870702e-01
1.788340718650431395e+09,-1.241637707702615723e+00,2.624462325101873272e+00,0.000000000000000000e+00,0.000000000000000000e+00,0.000000000000000000e+00,-1.523403377032803985e-01,9.883280940600902564e-01
1.788340718750272274e+09,-1.240933501312031950e+00,2.624565292729729382e+00,0.000000000000000000e+00,0.000000000000000000e+00,0.000000000000000000e+00,-1.524382068117755007e-01,9.883130036096917648e-01
1.788340718850347042e+09,-1.241414863274323377e+00,2.624798525669206128e+00,0.000000000000000000e+00,0.000000000000000000e+00,0.000000000000000000e+00,-1.523466706128456249e-01,9.883271178881924968e-01
1.788340718950314999e+09,-1.242242240615414106e+00,2.624740786066658949e+00,0.000000000000000000e+00,0.000000000000000000e+00,0.000000000000000000e+00,-1.520521903696244459e-01,9.883724659275973101e-01
1.788340719050316811e+09,-1.242260905209381150e+00,2.624583912823077458e+00,0.000000000000000000e+00,0.000000000000000000e+00,0.000000000000000000e+00,-1.522273581949957766e-01,9.883455020472203811e-01
1.788340719150328636e+09,-1.241186206618863697e+00,2.622550517838930340e+00,0.000000000000000000e+00,0.000000000000000000e+00,0.000000000000000000e+00,-1.522351280601283996e-01,9.883443052825854336e-01
1.788340719250282526e+09,-1.241232477258310762e+00,2.622403047915877305e+00,0.000000000000000000e+00,0.000000000000000000e+00,0.000000000000000000e+00,-1.522636574655132913e-01,9.883399104636140242e-01
1.788340719350331545e+09,-1.241053944791963071e+00,2.621379744485158092e+00,0.000000000000000000e+00,0.000000000000000000e+00,0.000000000000000000e+00,-1.521163036676810576e-01,9.883626005462174957e-01
1.788340719450308323e+09,-1.241235943895422578e+00,2.620068521753827984e+00,0.000000000000000000e+00,0.000000000000000000e+00,0.000000000000000000e+00,-1.520217155893131555e-01,9.883771537167793664e-01
1.788340719550414801e+09,-1.241388302236138941e+00,2.619491444359204557e+00,0.000000000000000000e+00,0.000000000000000000e+00,0.000000000000000000e+00,-1.518473555870991920e-01,9.884039561845171518e-01
1.788340719650573492e+09,-1.241645285481492555e+00,2.619680710671829615e+00,0.000000000000000000e+00,0.000000000000000000e+00,0.000000000000000000e+00,-1.518082545267165906e-01,9.884099624434953268e-01
1.788340719750378609e+09,-1.241768156754923469e+00,2.619763708648675582e+00,0.000000000000000000e+00,0.000000000000000000e+00,0.000000000000000000e+00,-1.517921662002713890e-01,9.884124332889733244e-01
1.788340719850374460e+09,-1.241827905573899216e+00,2.619832789710002441e+00,0.000000000000000000e+00,0.000000000000000000e+00,0.000000000000000000e+00,-1.517838441903293090e-01,9.884137112782307444e-01
1.788340719950415134e+09,-1.288558476980452117e+00,2.658932649628042988e+00,0.000000000000000000e+00,0.000000000000000000e+00,0.000000000000000000e+00,-1.193720137639426720e-01,9.928495970336802534e-01
1.788340720050279856e+09,-1.371247494595781324e+00,2.713028110532584414e+00,0.000000000000000000e+00,0.000000000000000000e+00,0.000000000000000000e+00,-1.173012475753687084e-01,9.930963786648615566e-01
1.788340720150287867e+09,-1.430842697012389975e+00,2.746409353743736403e+00,0.000000000000000000e+00,0.000000000000000000e+00,0.000000000000000000e+00,-1.193601513823818738e-01,9.928510231963177946e-01
1.788340720250455618e+09,-1.473113821463089224e+00,2.777027802763432085e+00,0.000000000000000000e+00,0.000000000000000000e+00,0.000000000000000000e+00,-1.198982977333888228e-01,9.927861794971944986e-01
1.788340720350368738e+09,-1.501849734343494447e+00,2.821028680750769180e+00,0.000000000000000000e+00,0.000000000000000000e+00,0.000000000000000000e+00,-1.085854729443151978e-01,9.940871164367131030e-01
1.788340720450450182e+09,-1.521211009567233985e+00,2.884683522208622897e+00,0.000000000000000000e+00,0.000000000000000000e+00,0.000000000000000000e+00,-9.375552403398555723e-02,9.955952499450331228e-01
1.788340720550274611e+09,-1.530274580899331882e+00,2.966669791431668646e+00,0.000000000000000000e+00,0.000000000000000000e+00,0.000000000000000000e+00,-6.895890377482387368e-02,9.976195014083149015e-01
1.788340720650327921e+09,-1.531837219214660539e+00,3.069158458465149675e+00,0.000000000000000000e+00,0.000000000000000000e+00,0.000000000000000000e+00,-3.640513673039694198e-02,9.993371133004321782e-01
1.788340720750351191e+09,-1.538686624267563641e+00,3.191341585495969024e+00,0.000000000000000000e+00,0.000000000000000000e+00,0.000000000000000000e+00,-2.803064472773155228e-04,9.999999607141469848e-01
1.788340720850345373e+09,-1.530746355660817404e+00,3.311179958412534319e+00,0.000000000000000000e+00,0.000000000000000000e+00,0.000000000000000000e+00,2.542242263718807321e-02,9.996767979838564466e-01
1.788340720950345755e+09,-1.508905255579382931e+00,3.370576091733688884e+00,0.000000000000000000e+00,0.000000000000000000e+00,0.000000000000000000e+00,2.598169200849539950e-02,9.996624188596746619e-01
1.788340721050391436e+09,-1.482102165444377562e+00,3.369499213696966589e+00,0.000000000000000000e+00,0.000000000000000000e+00,0.000000000000000000e+00,1.250090461743792562e-02,9.999218606389930208e-01
1.788340721150335073e+09,-1.483100728097717758e+00,3.314395206655833093e+00,0.000000000000000000e+00,0.000000000000000000e+00,0.000000000000000000e+00,5.316353246463332606e-03,9.999858680942239619e-01
1.788340721250397205e+09,-1.472413798190872036e+00,3.289734101916974573e+00,0.000000000000000000e+00,0.000000000000000000e+00,0.000000000000000000e+00,4.976545450884246359e-03,9.999876169210172305e-01
1.788340721350363493e+09,-1.466566808632746799e+00,3.291531036365238361e+00,0.000000000000000000e+00,0.000000000000000000e+00,0.000000000000000000e+00,2.566134167296391100e-02,9.996706935504029445e-01
1.788340721450242043e+09,-1.457612344016774086e+00,3.290384020319735203e+00,0.000000000000000000e+00,0.000000000000000000e+00,0.000000000000000000e+00,3.541747095298239389e-02,9.993726045631301513e-01
1.788340721550273895e+09,-1.436047189493411702e+00,3.279191217845233375e+00,0.000000000000000000e+00,0.000000000000000000e+00,0.000000000000000000e+00,3.022413925994053494e-02,9.995431463453670062e-01
1.788340721650281191e+09,-1.397064169986569571e+00,3.252129274821999871e+00,0.000000000000000000e+00,0.000000000000000000e+00,0.000000000000000000e+00,-7.074333990212135735e-03,9.999749765862118167e-01
1.788340721750406981e+09,-1.355796578597023627e+00,3.221884142256575156e+00,0.000000000000000000e+00,0.000000000000000000e+00,0.000000000000000000e+00,-4.899051792748206763e-02,9.987992436687150866e-01
1.788340721850281000e+09,-1.313750853138883290e+00,3.186560439552086343e+00,0.000000000000000000e+00,0.000000000000000000e+00,0.000000000000000000e+00,-9.178509517268068629e-02,9.957788390521973287e-01
1.788340721950368881e+09,-1.277695917859195118e+00,3.149747930064688006e+00,0.000000000000000000e+00,0.000000000000000000e+00,0.000000000000000000e+00,-1.334799773846760129e-01,9.910515100827941293e-01
1.788340722050420284e+09,-1.256280528669606156e+00,3.147429860462831464e+00,0.000000000000000000e+00,0.000000000000000000e+00,0.000000000000000000e+00,-1.351709029856078548e-01,9.908222983896028957e-01
1.788340722150377989e+09,-1.242003069772350310e+00,3.145196027298242214e+00,0.000000000000000000e+00,0.000000000000000000e+00,0.000000000000000000e+00,-1.346878217428855440e-01,9.908880818105325616e-01
1.788340722250280142e+09,-1.239547742516142970e+00,3.119878438682919697e+00,0.000000000000000000e+00,0.000000000000000000e+00,0.000000000000000000e+00,-1.361798502758973795e-01,9.906841314863351622e-01
1.788340722350250483e+09,-1.242675244111460131e+00,3.072709926067953567e+00,0.000000000000000000e+00,0.000000000000000000e+00,0.000000000000000000e+00,-1.403914743480046967e-01,9.900960730809881261e-01
1.788340722450353861e+09,-1.249205580979650065e+00,3.013575600009494870e+00,0.000000000000000000e+00,0.000000000000000000e+00,0.000000000000000000e+00,-1.475594441896526665e-01,9.890531888783538061e-01
1.788340722550368786e+09,-1.255740543705051504e+00,2.943765889264568614e+00,0.000000000000000000e+00,0.000000000000000000e+00,0.000000000000000000e+00,-1.568306312674209446e-01,9.876255125786606026e-01
1.788340722650339842e+09,-1.246782800858916795e+00,2.859072239862343157e+00,0.000000000000000000e+00,0.000000000000000000e+00,0.000000000000000000e+00,-1.834405709322071143e-01,9.830308016212239153e-01
1.788340722750272751e+09,-1.234893698473269907e+00,2.768160790399400550e+00,0.000000000000000000e+00,0.000000000000000000e+00,0.000000000000000000e+00,-2.163377733960276383e-01,9.763185790519655072e-01
1.788340722850385427e+09,-1.224754620446006914e+00,2.681276654248862634e+00,0.000000000000000000e+00,0.000000000000000000e+00,0.000000000000000000e+00,-2.440241005513522077e-01,9.697691675600454975e-01
1.788340722950355053e+09,-1.218025166986013819e+00,2.595141189343628252e+00,0.000000000000000000e+00,0.000000000000000000e+00,0.000000000000000000e+00,-2.671116926121524515e-01,9.636655766757838970e-01
1.788340723050360203e+09,-1.213045520098303243e+00,2.505066325029069230e+00,0.000000000000000000e+00,0.000000000000000000e+00,0.000000000000000000e+00,-2.940608533928396606e-01,9.557866992702266362e-01
1.788340723150368690e+09,-1.213406795590425746e+00,2.413502204133226137e+00,0.000000000000000000e+00,0.000000000000000000e+00,0.000000000000000000e+00,-3.174483796662983526e-01,9.482755539647965692e-01
1.788340723250240803e+09,-1.217072896738326859e+00,2.321207237722114680e+00,0.000000000000000000e+00,0.000000000000000000e+00,0.000000000000000000e+00,-3.365027151513376169e-01,9.416824956936269420e-01
1.788340723350224495e+09,-1.221640655526338826e+00,2.211861817689981358e+00,0.000000000000000000e+00,0.000000000000000000e+00,0.000000000000000000e+00,-3.677309740512014757e-01,9.299322183489259208e-01
1.788340723450120687e+09,-1.226734047138676731e+00,2.094282314332132078e+00,0.000000000000000000e+00,0.000000000000000000e+00,0.000000000000000000e+00,-4.024635011480792168e-01,9.154360328519027812e-01
1.788340723550334930e+09,-1.227716047835424096e+00,1.968140177256935353e+00,0.000000000000000000e+00,0.000000000000000000e+00,0.000000000000000000e+00,-4.407572228906343481e-01,8.976263534844192149e-01
1.788340723650289059e+09,-1.222351888874254611e+00,1.840739253333958825e+00,0.000000000000000000e+00,0.000000000000000000e+00,0.000000000000000000e+00,-4.844532519173669338e-01,8.748171504415583888e-01
1.788340723750186920e+09,-1.198826478653215455e+00,1.737008159841664456e+00,0.000000000000000000e+00,0.000000000000000000e+00,0.000000000000000000e+00,-5.050948829746118030e-01,8.630638210427218349e-01
1.788340723850323915e+09,-1.163600588526404689e+00,1.644578430745997188e+00,0.000000000000000000e+00,0.000000000000000000e+00,0.000000000000000000e+00,-5.143487050278693351e-01,8.575811388062087870e-01
1.788340723950292587e+09,-1.117779854111323967e+00,1.547650788805147393e+00,0.000000000000000000e+00,0.000000000000000000e+00,0.000000000000000000e+00,-5.293322780668956451e-01,8.484146034790481794e-01
1.788340724050260305e+09,-1.065658560960529799e+00,1.442862615389627123e+00,0.000000000000000000e+00,0.000000000000000000e+00,0.000000000000000000e+00,-5.475396413772702919e-01,8.367797446882005996e-01
1.788340724150198460e+09,-1.018407331101138791e+00,1.322529438557300097e+00,0.000000000000000000e+00,0.000000000000000000e+00,0.000000000000000000e+00,-5.758600362850179177e-01,8.175482974172340045e-01
1.788340724250201941e+09,-9.836749629382761650e-01,1.185410434845704186e+00,0.000000000000000000e+00,0.000000000000000000e+00,0.000000000000000000e+00,-6.122203001241116604e-01,7.906872353313556534e-01
1.788340724350345135e+09,-9.581533518588223330e-01,1.042024793116946624e+00,0.000000000000000000e+00,0.000000000000000000e+00,0.000000000000000000e+00,-6.522215655027381320e-01,7.580283830392878786e-01
1.788340724450381279e+09,-9.111098670769285368e-01,9.434328551916155714e-01,0.000000000000000000e+00,0.000000000000000000e+00,0.000000000000000000e+00,-6.691661517744067478e-01,7.431128187021346365e-01
1.788340724550251961e+09,-8.326030275618425680e-01,8.935488143903211888e-01,0.000000000000000000e+00,0.000000000000000000e+00,0.000000000000000000e+00,-6.653578268372001281e-01,7.465245891907904552e-01
1.788340724650218725e+09,-7.212734977042621898e-01,8.804481761291378383e-01,0.000000000000000000e+00,0.000000000000000000e+00,0.000000000000000000e+00,-6.469004827133254532e-01,7.625744327377271814e-01
1.788340724750320196e+09,-5.936008466579599796e-01,8.766625835825645474e-01,0.000000000000000000e+00,0.000000000000000000e+00,0.000000000000000000e+00,-6.303192454925200527e-01,7.763360411327945299e-01
1.788340724850310802e+09,-5.137662941680105622e-01,8.614549236215298667e-01,0.000000000000000000e+00,0.000000000000000000e+00,0.000000000000000000e+00,-6.304111009757432660e-01,7.762614532272946732e-01
1.788340724950219631e+09,-4.897766848236810855e-01,8.549032498014157433e-01,0.000000000000000000e+00,0.000000000000000000e+00,0.000000000000000000e+00,-6.327772641908929740e-01,7.743338646366235700e-01
1.788340725050362349e+09,-5.263759876554023887e-01,8.699424868548077949e-01,0.000000000000000000e+00,0.000000000000000000e+00,0.000000000000000000e+00,-6.329917786528098667e-01,7.741585161696228345e-01
1.788340725150375843e+09,-5.985567700932614699e-01,8.899194172089712751e-01,0.000000000000000000e+00,0.000000000000000000e+00,0.000000000000000000e+00,-6.368937254800526304e-01,7.709516083673082498e-01
1.788340725250221491e+09,-6.298225137683004515e-01,8.886724102738505771e-01,0.000000000000000000e+00,0.000000000000000000e+00,0.000000000000000000e+00,-6.290574783167689477e-01,7.773587903752988693e-01
1.788340725350226164e+09,-6.544913518964654564e-01,8.810803270983387225e-01,0.000000000000000000e+00,0.000000000000000000e+00,0.000000000000000000e+00,-6.314274246224365061e-01,7.754349795016195479e-01
1.788340725450220585e+09,-6.767609121749703638e-01,8.545509909299355833e-01,0.000000000000000000e+00,0.000000000000000000e+00,0.000000000000000000e+00,-6.491185088774252820e-01,7.606872954327210667e-01
1.788340725550247908e+09,-7.131063031562817622e-01,8.191316289859242872e-01,0.000000000000000000e+00,0.000000000000000000e+00,0.000000000000000000e+00,-6.770776746549753700e-01,7.359115588736269142e-01
1.788340725650314331e+09,-7.527350238237480173e-01,7.894439780353925684e-01,0.000000000000000000e+00,0.000000000000000000e+00,0.000000000000000000e+00,-7.056683362457992770e-01,7.085423058788273831e-01
1.788340725750189304e+09,-7.510449644537188219e-01,8.028704729265245810e-01,0.000000000000000000e+00,0.000000000000000000e+00,0.000000000000000000e+00,-6.930579640784284567e-01,7.208818616302284932e-01
1.788340725850297928e+09,-7.048073380284212153e-01,8.576438249979707606e-01,0.000000000000000000e+00,0.000000000000000000e+00,0.000000000000000000e+00,-6.339136809969281305e-01,7.734038046485968154e-01
1.788340725950368404e+09,-6.586960279117864969e-01,9.264414389346673495e-01,0.000000000000000000e+00,0.000000000000000000e+00,0.000000000000000000e+00,-5.517560371466270208e-01,8.340055608161435208e-01
1.788340726050256491e+09,-6.275508260152756757e-01,1.004251853897286217e+00,0.000000000000000000e+00,0.000000000000000000e+00,0.000000000000000000e+00,-4.597382925141874077e-01,8.880544478781352558e-01
1.788340726150170803e+09,-6.122407252411787848e-01,1.083569132800321633e+00,0.000000000000000000e+00,0.000000000000000000e+00,0.000000000000000000e+00,-3.626484700958238494e-01,9.319260094756225410e-01
1.788340726250304937e+09,-6.134647618017641246e-01,1.165349902410156790e+00,0.000000000000000000e+00,0.000000000000000000e+00,0.000000000000000000e+00,-2.608908208445013255e-01,9.653683129247003780e-01
1.788340726350346804e+09,-6.201906786719101339e-01,1.248245056286714449e+00,0.000000000000000000e+00,0.000000000000000000e+00,0.000000000000000000e+00,-1.620396041913465812e-01,9.867842553838765962e-01
1.788340726450279951e+09,-6.199573586552139526e-01,1.255592339403777791e+00,0.000000000000000000e+00,0.000000000000000000e+00,0.000000000000000000e+00,-1.361837747982131142e-01,9.906835920119549943e-01
1.788340726550216436e+09,-6.241753302595303143e-01,1.219747736897256463e+00,0.000000000000000000e+00,0.000000000000000000e+00,0.000000000000000000e+00,-1.379073421983241510e-01,9.904451347590104149e-01
1.788340726650155067e+09,-6.350379470829274897e-01,1.161121991277230370e+00,0.000000000000000000e+00,0.000000000000000000e+00,0.000000000000000000e+00,-1.425060796858025058e-01,9.897939266597789443e-01
1.788340726750258207e+09,-6.510840153784708262e-01,1.084607698639882489e+00,0.000000000000000000e+00,0.000000000000000000e+00,0.000000000000000000e+00,-1.439126177077000857e-01,9.895903993393010412e-01
1.788340726850263119e+09,-6.729151555500528792e-01,9.957439268369561169e-01,0.000000000000000000e+00,0.000000000000000000e+00,0.000000000000000000e+00,-1.438965832816754553e-01,9.895927310362884199e-01
1.788340726950213194e+09,-6.942725874824177135e-01,8.996277530371796782e-01,0.000000000000000000e+00,0.000000000000000000e+00,0.000000000000000000e+00,-1.463934911934053618e-01,9.892264380495531251e-01
1.788340727050282240e+09,-7.120610430280804870e-01,8.000534799266114661e-01,0.000000000000000000e+00,0.000000000000000000e+00,0.000000000000000000e+00,-1.499087626534165718e-01,9.886998345704935964e-01
1.788340727150150537e+09,-7.281258733276805284e-01,7.007390485013671455e-01,0.000000000000000000e+00,0.000000000000000000e+00,0.000000000000000000e+00,-1.504453270682164501e-01,9.886183305823018630e-01
1.788340727250216722e+09,-7.453830373576100232e-01,6.006732824503511203e-01,0.000000000000000000e+00,0.000000000000000000e+00,0.000000000000000000e+00,-1.521402379140187333e-01,9.883589165922802566e-01
1.788340727349928856e+09,-7.653895653710431901e-01,5.023787251244615781e-01,0.000000000000000000e+00,0.000000000000000000e+00,0.000000000000000000e+00,-1.540349715850010959e-01,9.880653963826523389e-01
1.788340727450220585e+09,-7.873635214696502738e-01,4.037308314015022326e-01,0.000000000000000000e+00,0.000000000000000000e+00,0.000000000000000000e+00,-1.527886384593136748e-01,9.882588891367227735e-01
1.788340727550230026e+09,-8.079451589680368695e-01,3.060780823409658957e-01,0.000000000000000000e+00,0.000000000000000000e+00,0.000000000000000000e+00,-1.537875875605904386e-01,9.881039307240376823e-01
1.788340727650264978e+09,-8.187911546496099424e-01,2.056290292887714699e-01,0.000000000000000000e+00,0.000000000000000000e+00,0.000000000000000000e+00,-1.596211459424758394e-01,9.871783474975587280e-01
1.788340727750262737e+09,-8.235444685756070360e-01,1.043796266443157705e-01,0.000000000000000000e+00,0.000000000000000000e+00,0.000000000000000000e+00,-1.621409521864445313e-01,9.867676077091673825e-01
1.788340727850175142e+09,-8.260838023211447556e-01,6.843166748469187155e-04,0.000000000000000000e+00,0.000000000000000000e+00,0.000000000000000000e+00,-1.655317800832658282e-01,9.862044563793378460e-01
1.788340727950281382e+09,-8.218250413061483073e-01,-1.023666736941364341e-01,0.000000000000000000e+00,0.000000000000000000e+00,0.000000000000000000e+00,-1.673009277676116291e-01,9.859058776415202674e-01
1.788340728050204277e+09,-8.187498733312501553e-01,-2.096877899022597802e-01,0.000000000000000000e+00,0.000000000000000000e+00,0.000000000000000000e+00,-1.691051541040478612e-01,9.855980148394407614e-01
1.788340728150241137e+09,-8.075086111427258739e-01,-3.172187067964666873e-01,0.000000000000000000e+00,0.000000000000000000e+00,0.000000000000000000e+00,-1.718409672452690384e-01,9.851247037691269748e-01
1.788340728250032663e+09,-7.872146011166045731e-01,-4.280860677554625404e-01,0.000000000000000000e+00,0.000000000000000000e+00,0.000000000000000000e+00,-1.754357487656769687e-01,9.844908826672933433e-01
1.788340728350222349e+09,-7.596737639925615904e-01,-5.384976800907841366e-01,0.000000000000000000e+00,0.000000000000000000e+00,0.000000000000000000e+00,-1.772787356426855920e-01,9.841606829623559261e-01
1.788340728450299501e+09,-7.298781080082786810e-01,-6.514218459054434973e-01,0.000000000000000000e+00,0.000000000000000000e+00,0.000000000000000000e+00,-1.777928164586795590e-01,9.840679419713306286e-01
1.788340728550242662e+09,-6.833972472629611383e-01,-7.569379753540017575e-01,0.000000000000000000e+00,0.000000000000000000e+00,0.000000000000000000e+00,-1.823668360993800364e-01,9.832305615119487641e-01
1.788340728650226355e+09,-6.162214856316844402e-01,-8.596063391288444322e-01,0.000000000000000000e+00,0.000000000000000000e+00,0.000000000000000000e+00,-1.874356636138745091e-01,9.822768815388187580e-01
1.788340728750262022e+09,-5.363503044567461409e-01,-9.650513429110008090e-01,0.000000000000000000e+00,0.000000000000000000e+00,0.000000000000000000e+00,-1.978754234068458573e-01,9.802271761237602021e-01
1.788340728850192785e+09,-4.451514232295248341e-01,-1.072537224464497285e+00,0.000000000000000000e+00,0.000000000000000000e+00,0.000000000000000000e+00,-2.179853699852848103e-01,9.759520369733231115e-01
1.788340728950310230e+09,-3.516078376704248054e-01,-1.178156073414436289e+00,0.000000000000000000e+00,0.000000000000000000e+00,0.000000000000000000e+00,-2.391103679415550465e-01,9.709923954093845344e-01
1.788340729050270319e+09,-2.562798164225492670e-01,-1.281583153570750699e+00,0.000000000000000000e+00,0.000000000000000000e+00,0.000000000000000000e+00,-2.542769194230773966e-01,9.671314534481390002e-01
1.788340729150139093e+09,-1.608302081452848142e-01,-1.383259428949928704e+00,0.000000000000000000e+00,0.000000000000000000e+00,0.000000000000000000e+00,-2.638348172972493910e-01,9.645678769178076539e-01
1.788340729250221968e+09,-6.677082184464055992e-02,-1.488849276524400800e+00,0.000000000000000000e+00,0.000000000000000000e+00,0.000000000000000000e+00,-2.702725127526190430e-01,9.627838640371915169e-01
1.788340729350271702e+09,2.365469955328358687e-02,-1.599377925427734048e+00,0.000000000000000000e+00,0.000000000000000000e+00,0.000000000000000000e+00,-2.786744129037499462e-01,9.603856369150624017e-01
1.788340729450172663e+09,1.100300045059259268e-01,-1.713945840523826813e+00,0.000000000000000000e+00,0.000000000000000000e+00,0.000000000000000000e+00,-2.901667319884402296e-01,9.569761061004338210e-01
1.788340729550263166e+09,1.922161962429231874e-01,-1.829905809143089979e+00,0.000000000000000000e+00,0.000000000000000000e+00,0.000000000000000000e+00,-3.049780934977366353e-01,9.523593662512517266e-01
1.788340729650171041e+09,2.656449599728667454e-01,-1.948944146681356404e+00,0.000000000000000000e+00,0.000000000000000000e+00,0.000000000000000000e+00,-3.186958392854608024e-01,9.478570367002271402e-01
1.788340729750205278e+09,2.907656395715201292e-01,-2.084062086109657042e+00,0.000000000000000000e+00,0.000000000000000000e+00,0.000000000000000000e+00,-3.442026943845641340e-01,9.388953643396084070e-01
1.788340729850243092e+09,2.838536498603247971e-01,-2.222718736061690681e+00,0.000000000000000000e+00,0.000000000000000000e+00,0.000000000000000000e+00,-3.656207468748243761e-01,9.307639171426315139e-01
1.788340729950298309e+09,2.339808521923274487e-01,-2.365893051542453218e+00,0.000000000000000000e+00,0.000000000000000000e+00,0.000000000000000000e+00,-3.969798944739145186e-01,9.178273058606828405e-01
1.788340730050308704e+09,1.578050450950494454e-01,-2.511827112479893653e+00,0.000000000000000000e+00,0.000000000000000000e+00,0.000000000000000000e+00,-4.247235497532863002e-01,9.053230949693968910e-01
1.788340730150243044e+09,7.019914925764370039e-02,-2.635045677636140393e+00,0.000000000000000000e+00,0.000000000000000000e+00,0.000000000000000000e+00,-4.335723957491413039e-01,9.011187367069612986e-01
1.788340730250169277e+09,1.719983488755616463e-02,-2.697469491768899719e+00,0.000000000000000000e+00,0.000000000000000000e+00,0.000000000000000000e+00,-4.190633127232519239e-01,9.079570143621416012e-01
1.788340730350227118e+09,-1.593237041711059732e-02,-2.742815468269706347e+00,0.000000000000000000e+00,0.000000000000000000e+00,0.000000000000000000e+00,-4.156804414247473600e-01,9.095107314468188209e-01
1.788340730450255871e+09,-2.959782632871554853e-02,-2.769958850308819276e+00,0.000000000000000000e+00,0.000000000000000000e+00,0.000000000000000000e+00,-4.211859104433027801e-01,9.069743264525441662e-01
1.788340730550101042e+09,-1.958933050849465118e-02,-2.787262196546009374e+00,0.000000000000000000e+00,0.000000000000000000e+00,0.000000000000000000e+00,-4.365450051296877465e-01,8.996824209110237947e-01
1.788340730650250196e+09,1.078165740182890353e-02,-2.786706037492872934e+00,0.000000000000000000e+00,0.000000000000000000e+00,0.000000000000000000e+00,-4.510241160941972915e-01,8.925117627804398657e-01
1.788340730750271082e+09,4.630193136674387588e-02,-2.773878457001391684e+00,0.000000000000000000e+00,0.000000000000000000e+00,0.000000000000000000e+00,-4.650452177615128635e-01,8.852869283103341758e-01
1.788340730850142479e+09,1.089191190470040205e-01,-2.722617043317574481e+00,0.000000000000000000e+00,0.000000000000000000e+00,0.000000000000000000e+00,-4.655947853420523419e-01,8.849980202589654565e-01
1.788340730950133562e+09,1.890657018521879618e-01,-2.654785057633818557e+00,0.000000000000000000e+00,0.000000000000000000e+00,0.000000000000000000e+00,-4.613356572109998943e-01,8.872256823298653172e-01
1.788340731050189734e+09,2.467341999346384096e-01,-2.617834602805018118e+00,0.000000000000000000e+00,0.000000000000000000e+00,0.000000000000000000e+00,-4.694129016653746933e-01,8.829787810304917661e-01
1.788340731150251865e+09,2.499093948092594442e-01,-2.623803977779828767e+00,0.000000000000000000e+00,0.000000000000000000e+00,0.000000000000000000e+00,-4.989552659292554315e-01,8.666277416523578969e-01
1.788340731250131845e+09,2.277597549991869919e-01,-2.650035091593979875e+00,0.000000000000000000e+00,0.000000000000000000e+00,0.000000000000000000e+00,-5.296235479525853718e-01,8.482328085225869785e-01
1.788340731350111723e+09,2.125467420969548993e-01,-2.682882975872533660e+00,0.000000000000000000e+00,0.000000000000000000e+00,0.000000000000000000e+00,-5.702632554693991551e-01,8.214620012279585382e-01
1.788340731450167894e+09,1.948144554853072918e-01,-2.713227296071540895e+00,0.000000000000000000e+00,0.000000000000000000e+00,0.000000000000000000e+00,-6.093058194014904227e-01,7.929353179443318078e-01
1.788340731550213575e+09,1.744802420090727502e-01,-2.740875008730906170e+00,0.000000000000000000e+00,0.000000000000000000e+00,0.000000000000000000e+00,-6.440667300556843777e-01,7.649693113029948366e-01
1.788340731650119543e+09,1.585329996762094851e-01,-2.756915388515854826e+00,0.000000000000000000e+00,0.000000000000000000e+00,0.000000000000000000e+00,-6.677984332985095195e-01,7.443421608938028955e-01
1.788340731750196934e+09,1.946636323053174689e-01,-2.720390603275628205e+00,0.000000000000000000e+00,0.000000000000000000e+00,0.000000000000000000e+00,-6.199686283197770598e-01,7.846265990261190870e-01
1.788340731850132942e+09,2.315229177769824176e-01,-2.652573055569672267e+00,0.000000000000000000e+00,0.000000000000000000e+00,0.000000000000000000e+00,-5.384346312091787823e-01,8.426672818584070024e-01
1.788340731950237274e+09,2.615665378660374518e-01,-2.574632854820819272e+00,0.000000000000000000e+00,0.000000000000000000e+00,0.000000000000000000e+00,-4.485892465004647778e-01,8.937380421153309218e-01
1.788340732050248384e+09,2.650780698502388510e-01,-2.491580388272053970e+00,0.000000000000000000e+00,0.000000000000000000e+00,0.000000000000000000e+00,-3.493619703070445226e-01,9.369878407445743074e-01
1.788340732150162458e+09,2.492088297054031454e-01,-2.409845904287053475e+00,0.000000000000000000e+00,0.000000000000000000e+00,0.000000000000000000e+00,-2.463137210786714437e-01,9.691901520384833546e-01
1.788340732250227690e+09,2.202820206085833732e-01,-2.333024705892209116e+00,0.000000000000000000e+00,0.000000000000000000e+00,0.000000000000000000e+00,-1.419841303752802375e-01,9.898689341127820951e-01
1.788340732350300312e+09,1.983430929851830449e-01,-2.318485921927775362e+00,0.000000000000000000e+00,0.000000000000000000e+00,0.000000000000000000e+00,-1.044777182471254978e-01,9.945272275759343694e-01
1.788340732450195789e+09,1.777226361268788857e-01,-2.356478869032540668e+00,0.000000000000000000e+00,0.000000000000000000e+00,0.000000000000000000e+00,-9.409057171159689037e-02,9.955636415192072874e-01
1.788340732550157070e+09,1.535203714292960875e-01,-2.413136180773832518e+00,0.000000000000000000e+00,0.000000000000000000e+00,0.000000000000000000e+00,-7.741602648401291198e-02,9.969988760492294322e-01
1.788340732650082827e+09,1.281485667083086533e-01,-2.494193210548115491e+00,0.000000000000000000e+00,0.000000000000000000e+00,0.000000000000000000e+00,-6.318725896098299766e-02,9.980016885281295380e-01
1.788340732750087023e+09,1.080840656669319610e-01,-2.601249628757931642e+00,0.000000000000000000e+00,0.000000000000000000e+00,0.000000000000000000e+00,-5.909011222846360933e-02,9.982526527071329259e-01
1.788340732850178480e+09,8.880855215223326660e-02,-2.683941203743606341e+00,0.000000000000000000e+00,0.000000000000000000e+00,0.000000000000000000e+00,-4.876521181442769470e-02,9.988102693288120060e-01
1.788340732950132608e+09,6.428779743932433455e-02,-2.736015453267486297e+00,0.000000000000000000e+00,0.000000000000000000e+00,0.000000000000000000e+00,-3.177330327439610580e-02,9.994951011380861505e-01
1.788340733050161123e+09,3.656568022740036561e-02,-2.771620480152340971e+00,0.000000000000000000e+00,0.000000000000000000e+00,0.000000000000000000e+00,-2.688686688418009951e-02,9.996384828472503203e-01
1.788340733150189161e+09,-3.057148872924297933e-03,-2.804490637850240997e+00,0.000000000000000000e+00,0.000000000000000000e+00,0.000000000000000000e+00,-1.515155213546940001e-02,9.998852086454156352e-01
1.788340733250131369e+09,-5.261109101624139583e-02,-2.832127669790323043e+00,0.000000000000000000e+00,0.000000000000000000e+00,0.000000000000000000e+00,-4.003629971617034093e-03,9.999919854414086595e-01
1.788340733350130081e+09,-1.071270627861591329e-01,-2.862805882381236788e+00,0.000000000000000000e+00,0.000000000000000000e+00,0.000000000000000000e+00,-9.587871811805178182e-03,9.999540353006833859e-01
1.788340733450140715e+09,-1.581982606877505582e-01,-2.882622230883147285e+00,0.000000000000000000e+00,0.000000000000000000e+00,0.000000000000000000e+00,-6.555137119793147567e-03,9.999785148578647087e-01
1.788340733550154686e+09,-1.835182590284869519e-01,-2.882320816678916042e+00,0.000000000000000000e+00,0.000000000000000000e+00,0.000000000000000000e+00,5.657473703384330484e-03,9.999839963675895005e-01
1.788340733650165796e+09,-1.898665719893197767e-01,-2.863403331874527336e+00,0.000000000000000000e+00,0.000000000000000000e+00,0.000000000000000000e+00,2.800493067329594410e-02,9.996077850126937614e-01
1.788340733750083447e+09,-2.060658612040227045e-01,-2.824809692896946611e+00,0.000000000000000000e+00,0.000000000000000000e+00,0.000000000000000000e+00,6.542674229858294610e-02,9.978573752757430304e-01
1.788340733850085258e+09,-2.188242579509094288e-01,-2.779789241313573189e+00,0.000000000000000000e+00,0.000000000000000000e+00,0.000000000000000000e+00,1.182687653404746603e-01,9.929816207487629498e-01
1.788340733950061560e+09,-2.190198229432300803e-01,-2.737055911921170814e+00,0.000000000000000000e+00,0.000000000000000000e+00,0.000000000000000000e+00,1.557275619944036849e-01,9.878000437514057319e-01
1.788340734050107002e+09,-2.017117195746604974e-01,-2.723638344613472650e+00,0.000000000000000000e+00,0.000000000000000000e+00,0.000000000000000000e+00,1.630356837651549817e-01,9.866201730246692003e-01
1.788340734150175571e+09,-2.036746481297873057e-01,-2.739171139561173529e+00,0.000000000000000000e+00,0.000000000000000000e+00,0.000000000000000000e+00,1.652994048657304982e-01,9.862434317910743209e-01
1.788340734250119925e+09,-1.956872056379552749e-01,-2.753289574609524504e+00,0.000000000000000000e+00,0.000000000000000000e+00,0.000000000000000000e+00,1.523506004520530088e-01,9.883265121112044804e-01
1.788340734350058317e+09,-1.681541169649936052e-01,-2.780364650044773622e+00,0.000000000000000000e+00,0.000000000000000000e+00,0.000000000000000000e+00,1.081034872723217327e-01,9.941396461461351475e-01
1.788340734450061798e+09,-1.379252904079708575e-01,-2.804381466735509587e+00,0.000000000000000000e+00,0.000000000000000000e+00,0.000000000000000000e+00,6.198315559303743671e-02,9.980771956230285458e-01
1.788340734550126314e+09,-1.061815251698754459e-01,-2.828726464134629470e+00,0.000000000000000000e+00,0.000000000000000000e+00,0.000000000000000000e+00,1.669339787313298129e-02,9.998606555252833594e-01
1.788340734650159359e+09,-7.667004082837225454e-02,-2.850891999756202555e+00,0.000000000000000000e+00,0.000000000000000000e+00,0.000000000000000000e+00,-3.074975504184496167e-02,9.995271144720720979e-01
1.788340734750207186e+09,-4.804890354272517428e-02,-2.872296225905147882e+00,0.000000000000000000e+00,0.000000000000000000e+00,0.000000000000000000e+00,-7.694785318175849376e-02,9.970351186847523639e-01
1.788340734850193739e+09,-2.448859040948603294e-02,-2.892371457906645293e+00,0.000000000000000000e+00,0.000000000000000000e+00,0.000000000000000000e+00,-1.195609459809178626e-01,9.928268631519535647e-01
1.788340734950034618e+09,-1.629947525212438464e-02,-2.884420029281476783e+00,0.000000000000000000e+00,0.000000000000000000e+00,0.000000000000000000e+00,-1.249993293462356020e-01,9.921568261434234870e-01
1.788340735050210714e+09,-3.529988742090539589e-03,-2.868274223233618248e+00,0.000000000000000000e+00,0.000000000000000000e+00,0.000000000000000000e+00,-1.207849373334997090e-01,9.926786987305319387e-01
1.788340735150132418e+09,1.673826422427193705e-02,-2.865698870151188071e+00,0.000000000000000000e+00,0.000000000000000000e+00,0.000000000000000000e+00,-1.294752185439870529e-01,9.915826580689008907e-01
1.788340735250204802e+09,4.480186833725308126e-02,-2.864940935885852635e+00,0.000000000000000000e+00,0.000000000000000000e+00,0.000000000000000000e+00,-1.369711251962586196e-01,9.905750405004513093e-01
1.788340735350181341e+09,7.529152875200240125e-02,-2.870531811376673570e+00,0.000000000000000000e+00,0.000000000000000000e+00,0.000000000000000000e+00,-1.546543348982162280e-01,9.879686415555861689e-01
1.788340735450051069e+09,1.161794550899837297e-01,-2.878959834440486976e+00,0.000000000000000000e+00,0.000000000000000000e+00,0.000000000000000000e+00,-1.652456157527791292e-01,9.862524456114087901e-01
1.788340735550119877e+09,1.606163845149117808e-01,-2.896792267405290833e+00,0.000000000000000000e+00,0.000000000000000000e+00,0.000000000000000000e+00,-1.907551586213397932e-01,9.816376467206968659e-01
1.788340735650176287e+09,2.167287496929430901e-01,-2.917780821255191004e+00,0.000000000000000000e+00,0.000000000000000000e+00,0.000000000000000000e+00,-2.131017801356570318e-01,9.770300053237946925e-01
1.788340735750021696e+09,2.730290298508519786e-01,-2.941382687830786491e+00,0.000000000000000000e+00,0.000000000000000000e+00,0.000000000000000000e+00,-2.338640035906532633e-01,9.722693185658749515e-01
1.788340735850121021e+09,3.381967473913147781e-01,-2.968334313351276510e+00,0.000000000000000000e+00,0.000000000000000000e+00,0.000000000000000000e+00,-2.548503725440725010e-01,9.669805001209422768e-01
1.788340735950197697e+09,4.072291732381612128e-01,-3.006134014191785386e+00,0.000000000000000000e+00,0.000000000000000000e+00,0.000000000000000000e+00,-2.888357528494748805e-01,9.573786648321953585e-01
1.788340736050077438e+09,4.842822365590602196e-01,-3.053411145461172094e+00,0.000000000000000000e+00,0.000000000000000000e+00,0.000000000000000000e+00,-3.206011379448117649e-01,9.472142895609693136e-01
1.788340736150195837e+09,5.655438720347820691e-01,-3.108779211820010158e+00,0.000000000000000000e+00,0.000000000000000000e+00,0.000000000000000000e+00,-3.623047126520052008e-01,9.320597058075988928e-01
1.788340736250074387e+09,6.486186514223502009e-01,-3.169356584387965636e+00,0.000000000000000000e+00,0.000000000000000000e+00,0.000000000000000000e+00,-3.985636824115790233e-01,9.171406604564656950e-01
1.788340736350148678e+09,7.280090221988828603e-01,-3.238226092251959454e+00,0.000000000000000000e+00,0.000000000000000000e+00,0.000000000000000000e+00,-4.398818728816264456e-01,8.980556429922105233e-01
1.788340736450057268e+09,8.012907518575413945e-01,-3.310870147343493830e+00,0.000000000000000000e+00,0.000000000000000000e+00,0.000000000000000000e+00,-4.789796901251742178e-01,8.778259830100680894e-01
1.788340736550217152e+09,8.663017107423574004e-01,-3.390014172042831841e+00,0.000000000000000000e+00,0.000000000000000000e+00,0.000000000000000000e+00,-5.245278673684152793e-01,8.513932794860094022e-01
1.788340736650087595e+09,9.249870369268156090e-01,-3.472339147385080427e+00,0.000000000000000000e+00,0.000000000000000000e+00,0.000000000000000000e+00,-5.680207135596808676e-01,8.230142580582372469e-01
1.788340736750061512e+09,9.626936972839215123e-01,-3.559803352783116548e+00,0.000000000000000000e+00,0.000000000000000000e+00,0.000000000000000000e+00,-6.159754763594144089e-01,7.877653283331226275e-01
1.788340736850064039e+09,9.668191915880042231e-01,-3.621633423318443068e+00,0.000000000000000000e+00,0.000000000000000000e+00,0.000000000000000000e+00,-6.576713937269849097e-01,7.533049434811941447e-01
1.788340736950063229e+09,9.888780898094737815e-01,-3.643878428010487003e+00,0.000000000000000000e+00,0.000000000000000000e+00,0.000000000000000000e+00,-6.698849448743106061e-01,7.424649221550752021e-01
1.788340737050102234e+09,1.003096831956954205e+00,-3.632295126664325746e+00,0.000000000000000000e+00,0.000000000000000000e+00,0.000000000000000000e+00,-6.749083416272226854e-01,7.379015722994444193e-01
1.788340737150175571e+09,1.007840669631415054e+00,-3.598246943437321210e+00,0.000000000000000000e+00,0.000000000000000000e+00,0.000000000000000000e+00,-6.763522797737294701e-01,7.365783010955989640e-01
1.788340737250118971e+09,9.944356649900418788e-01,-3.579790822739906897e+00,0.000000000000000000e+00,0.000000000000000000e+00,0.000000000000000000e+00,-6.920034015555959206e-01,7.218942389543531180e-01
1.788340737350116253e+09,9.747998425815662671e-01,-3.589824528610103815e+00,0.000000000000000000e+00,0.000000000000000000e+00,0.000000000000000000e+00,-7.191174798049252415e-01,6.948885164103757450e-01
1.788340737449879646e+09,9.501688748927894501e-01,-3.606759972756370392e+00,0.000000000000000000e+00,0.000000000000000000e+00,0.000000000000000000e+00,-7.491350121013049534e-01,6.624173409897854414e-01
1.788340737550155401e+09,9.242707910463696663e-01,-3.626843574084490651e+00,0.000000000000000000e+00,0.000000000000000000e+00,0.000000000000000000e+00,-7.755564008232922468e-01,6.312782818551742059e-01
1.788340737650021076e+09,8.949716670876757263e-01,-3.636169592230670933e+00,0.000000000000000000e+00,0.000000000000000000e+00,0.000000000000000000e+00,-7.922753064813488066e-01,6.101637802589439108e-01
1.788340737750092268e+09,8.404204876127545631e-01,-3.634288594183693544e+00,0.000000000000000000e+00,0.000000000000000000e+00,0.000000000000000000e+00,-8.098205382029327604e-01,5.866776763306340570e-01
1.788340737850002766e+09,7.655364489583584842e-01,-3.627453749169218700e+00,0.000000000000000000e+00,0.000000000000000000e+00,0.000000000000000000e+00,-8.248081673837049932e-01,5.654126696644975469e-01
1.788340737950105190e+09,6.699347459731637144e-01,-3.610884777071019958e+00,0.000000000000000000e+00,0.000000000000000000e+00,0.000000000000000000e+00,-8.396491112213964048e-01,5.431292387867910909e-01
1.788340738050164700e+09,5.628428349586478419e-01,-3.585851166890267283e+00,0.000000000000000000e+00,0.000000000000000000e+00,0.000000000000000000e+00,-8.495807512716686549e-01,5.274585737938733976e-01
1.788340738150101662e+09,4.486422388130177907e-01,-3.540413909340016207e+00,0.000000000000000000e+00,0.000000000000000000e+00,0.000000000000000000e+00,-8.539447737388993209e-01,5.203636453519980831e-01
1.788340738250070333e+09,3.537268222811527085e-01,-3.483003508650603930e+00,0.000000000000000000e+00,0.000000000000000000e+00,0.000000000000000000e+00,-8.519968353651203863e-01,5.235469344078141907e-01
1.788340738349912643e+09,3.021235039844678560e-01,-3.442440736453293848e+00,0.000000000000000000e+00,0.000000000000000000e+00,0.000000000000000000e+00,-8.400653759344298699e-01,5.424851741348745149e-01
1.788340738450129747e+09,2.731508121036982928e-01,-3.388349863972299314e+00,0.000000000000000000e+00,0.000000000000000000e+00,0.000000000000000000e+00,-8.234223852127378063e-01,5.674289167204694673e-01
1.788340738550059080e+09,2.502809758760289327e-01,-3.321814743391214630e+00,0.000000000000000000e+00,0.000000000000000000e+00,0.000000000000000000e+00,-8.055442222012491049e-01,5.925356580647147542e-01
1.788340738650107145e+09,2.311277181836595140e-01,-3.248163328481604939e+00,0.000000000000000000e+00,0.000000000000000000e+00,0.000000000000000000e+00,-7.906760495117337584e-01,6.122347464237215542e-01
1.788340738750000954e+09,2.129677811927157549e-01,-3.161412346296597509e+00,0.000000000000000000e+00,0.000000000000000000e+00,0.000000000000000000e+00,-7.769634122767653528e-01,6.295457536853418246e-01
1.788340738850103140e+09,1.914202544153771335e-01,-3.060721657621924496e+00,0.000000000000000000e+00,0.000000000000000000e+00,0.000000000000000000e+00,-7.649808189442478534e-01,6.440530619812219193e-01
1.788340738950074196e+09,1.627366284899671722e-01,-2.961698782598508384e+00,0.000000000000000000e+00,0.000000000000000000e+00,0.000000000000000000e+00,-7.596364050906803111e-01,6.503480084238806302e-01
1.788340739050045252e+09,1.214264368687618667e-01,-2.858071038534340413e+00,0.000000000000000000e+00,0.000000000000000000e+00,0.000000000000000000e+00,-7.624283852723899857e-01,6.470726059191009849e-01
1.788340739150022745e+09,7.382804532211206805e-02,-2.754760953417477953e+00,0.000000000000000000e+00,0.000000000000000000e+00,0.000000000000000000e+00,-7.714845852085495670e-01,6.362480135808613602e-01
1.788340739250116587e+09,4.175177735558399661e-02,-2.692549146793084436e+00,0.000000000000000000e+00,0.000000000000000000e+00,0.000000000000000000e+00,-7.809464826410815741e-01,6.245979436809913077e-01
1.788340739350087643e+09,2.577299331343985145e-03,-2.658810008782847678e+00,0.000000000000000000e+00,0.000000000000000000e+00,0.000000000000000000e+00,-8.030152020506888810e-01,5.959585432523738513e-01
1.788340739450084686e+09,-2.498246472739507062e-02,-2.658635925493871621e+00,0.000000000000000000e+00,0.000000000000000000e+00,0.000000000000000000e+00,-8.245806323683275707e-01,5.657444482476599035e-01
1.788340739550020218e+09,-1.126343619956093889e-02,-2.668616415563146216e+00,0.000000000000000000e+00,0.000000000000000000e+00,0.000000000000000000e+00,-8.409442375163298511e-01,5.411217879443395162e-01
1.788340739650063992e+09,1.927724048146628455e-02,-2.686225073593989432e+00,0.000000000000000000e+00,0.000000000000000000e+00,0.000000000000000000e+00,-8.496876766028210737e-01,5.272863095409358047e-01
1.788340739750021219e+09,3.153410387469368636e-02,-2.695600980148787240e+00,0.000000000000000000e+00,0.000000000000000000e+00,0.000000000000000000e+00,-8.610353942692255957e-01,5.085450322396622980e-01
1.788340739850174189e+09,-4.085984357341754247e-03,-2.666403028180166057e+00,0.000000000000000000e+00,0.000000000000000000e+00,0.000000000000000000e+00,-8.776732842978595128e-01,4.792594349929992226e-01
1.788340739950040579e+09,-4.337450699435296819e-02,-2.643588364458866469e+00,0.000000000000000000e+00,0.000000000000000000e+00,0.000000000000000000e+00,-8.878800583954031822e-01,4.600749959558498303e-01
1.788340740050045252e+09,-1.054280522350810045e-01,-2.585711013868408958e+00,0.000000000000000000e+00,0.000000000000000000e+00,0.000000000000000000e+00,-9.028150062711908230e-01,4.300291437234802783e-01
1.788340740150052309e+09,-1.679733283651381193e-01,-2.532483825391106169e+00,0.000000000000000000e+00,0.000000000000000000e+00,0.000000000000000000e+00,-9.069335748604218095e-01,4.212736530936816437e-01
1.788340740250152588e+09,-2.356801955854275210e-01,-2.450909605033716243e+00,0.000000000000000000e+00,0.000000000000000000e+00,0.000000000000000000e+00,-9.115528627355086178e-01,4.111829014425322781e-01
1.788340740349964380e+09,-3.024475313323318204e-01,-2.364593124901161136e+00,0.000000000000000000e+00,0.000000000000000000e+00,0.000000000000000000e+00,-9.099213974056487020e-01,4.147807258580752388e-01
1.788340740449995995e+09,-3.666781096501594561e-01,-2.271730449889600489e+00,0.000000000000000000e+00,0.000000000000000000e+00,0.000000000000000000e+00,-8.985656483714269394e-01,4.388391226484223973e-01
1.788340740550033092e+09,-4.318553503449356068e-01,-2.161551102000906166e+00,0.000000000000000000e+00,0.000000000000000000e+00,0.000000000000000000e+00,-8.811818052675587376e-01,4.727775651037240956e-01
1.788340740650063515e+09,-5.020216366433887245e-01,-2.049126196055322868e+00,0.000000000000000000e+00,0.000000000000000000e+00,0.000000000000000000e+00,-8.541823020438318315e-01,5.199736482506591706e-01
1.788340740750041008e+09,-5.780251306891313057e-01,-1.922048131079186373e+00,0.000000000000000000e+00,0.000000000000000000e+00,0.000000000000000000e+00,-8.269775320559498155e-01,5.622349699855483385e-01
1.788340740850142479e+09,-6.295743964726145947e-01,-1.824783629464520107e+00,0.000000000000000000e+00,0.000000000000000000e+00,0.000000000000000000e+00,-8.037599514979119064e-01,5.949537296026258248e-01
1.788340740950010300e+09,-6.680577355039664100e-01,-1.741100746745045225e+00,0.000000000000000000e+00,0.000000000000000000e+00,0.000000000000000000e+00,-7.845550268390018012e-01,6.200591986751371465e-01
1.788340741050044298e+09,-6.837400229527493822e-01,-1.669979130902523590e+00,0.000000000000000000e+00,0.000000000000000000e+00,0.000000000000000000e+00,-7.736790631003073182e-01,6.335777042480509325e-01
1.788340741150155544e+09,-6.843017746619962649e-01,-1.615717585040882032e+00,0.000000000000000000e+00,0.000000000000000000e+00,0.000000000000000000e+00,-7.672211617791196980e-01,6.413826384603015240e-01
1.788340741250056744e+09,-6.594109007575037484e-01,-1.576520006356568526e+00,0.000000000000000000e+00,0.000000000000000000e+00,0.000000000000000000e+00,-7.638628267363611890e-01,6.453786345474538111e-01
1.788340741350081444e+09,-6.181734513189532931e-01,-1.553293708022392750e+00,0.000000000000000000e+00,0.000000000000000000e+00,0.000000000000000000e+00,-7.700553238812805068e-01,6.379771141366249454e-01
1.788340741449965954e+09,-6.000610014059294395e-01,-1.528326622573529026e+00,0.000000000000000000e+00,0.000000000000000000e+00,0.000000000000000000e+00,-7.631396208998462161e-01,6.462336411955348359e-01
1.788340741550066471e+09,-6.025996640674027294e-01,-1.493695559391758021e+00,0.000000000000000000e+00,0.000000000000000000e+00,0.000000000000000000e+00,-7.572455597123932680e-01,6.531302797266900217e-01
1.788340741650106430e+09,-6.243592139119051865e-01,-1.457273377728084185e+00,0.000000000000000000e+00,0.000000000000000000e+00,0.000000000000000000e+00,-7.500721537045678122e-01,6.613560041588730787e-01
1.788340741749976873e+09,-6.260247992431745567e-01,-1.452378351111422106e+00,0.000000000000000000e+00,0.000000000000000000e+00,0.000000000000000000e+00,-7.474850847578408120e-01,6.642785922070373328e-01
1.788340741850045204e+09,-6.012023245320011755e-01,-1.451775952561147776e+00,0.000000000000000000e+00,0.000000000000000000e+00,0.000000000000000000e+00,-7.421621334232701983e-01,6.702203874194070377e-01
1.788340741950090170e+09,-5.474453411557678173e-01,-1.448299132995926719e+00,0.000000000000000000e+00,0.000000000000000000e+00,0.000000000000000000e+00,-7.292014699636111263e-01,6.842990692693574628e-01
1.788340742049935818e+09,-5.020057334885565936e-01,-1.453365233168197435e+00,0.000000000000000000e+00,0.000000000000000000e+00,0.000000000000000000e+00,-7.303873284475543848e-01,6.830331986391616761e-01
1.788340742150024176e+09,-5.174517083027680986e-01,-1.452256274702333094e+00,0.000000000000000000e+00,0.000000000000000000e+00,0.000000000000000000e+00,-7.356420737081202921e-01,6.773704594905336496e-01
1.788340742250060558e+09,-5.698566718357283012e-01,-1.433311159009367675e+00,0.000000000000000000e+00,0.000000000000000000e+00,0.000000000000000000e+00,-7.456080954271407935e-01,6.663846997294516905e-01
1.788340742349941015e+09,-5.959331464314453486e-01,-1.444071307369104940e+00,0.000000000000000000e+00,0.000000000000000000e+00,0.000000000000000000e+00,-7.610144502938721578e-01,6.487349277200321618e-01
1.788340742450031757e+09,-6.337576716078295869e-01,-1.460017370014649263e+00,0.000000000000000000e+00,0.000000000000000000e+00,0.000000000000000000e+00,-7.907782650758607979e-01,6.121027164484825756e-01
1.788340742549972057e+09,-6.692219760847919474e-01,-1.476141382890156173e+00,0.000000000000000000e+00,0.000000000000000000e+00,0.000000000000000000e+00,-8.197227552239265691e-01,5.727605124029540029e-01
1.788340742649946690e+09,-7.013895647619263762e-01,-1.488894455157342644e+00,0.000000000000000000e+00,0.000000000000000000e+00,0.000000000000000000e+00,-8.452422864787705326e-01,5.343832680278639558e-01
1.788340742750081301e+09,-7.334433764455542404e-01,-1.496330715688921398e+00,0.000000000000000000e+00,0.000000000000000000e+00,0.000000000000000000e+00,-8.690476227999553993e-01,4.947284399604963689e-01
1.788340742849919796e+09,-7.166786208083689713e-01,-1.485440636011891691e+00,0.000000000000000000e+00,0.000000000000000000e+00,0.000000000000000000e+00,-8.585826654141683889e-01,5.126751472914425900e-01
1.788340742949983358e+09,-6.398888789035720448e-01,-1.470075319311790363e+00,0.000000000000000000e+00,0.000000000000000000e+00,0.000000000000000000e+00,-8.170666594569212515e-01,5.765432108731377570e-01
1.788340743049997807e+09,-5.545018623262969459e-01,-1.434607234192605940e+00,0.000000000000000000e+00,0.000000000000000000e+00,0.000000000000000000e+00,-7.513929596306807568e-01,6.598549993880822306e-01
1.788340743150098801e+09,-4.813788369140121759e-01,-1.381869831237994894e+00,0.000000000000000000e+00,0.000000000000000000e+00,0.000000000000000000e+00,-6.743229918815468737e-01,7.384365257894002221e-01
1.788340743249992609e+09,-4.251669128371542428e-01,-1.319690609755410193e+00,0.000000000000000000e+00,0.000000000000000000e+00,0.000000000000000000e+00,-5.915806561456984358e-01,8.062458231049788315e-01
1.788340743349895477e+09,-3.895979329450212081e-01,-1.243420804655448020e+00,0.000000000000000000e+00,0.000000000000000000e+00,0.000000000000000000e+00,-4.980939410780498289e-01,8.671230742295676919e-01
1.788340743449997187e+09,-3.782893912715610263e-01,-1.160488793898972304e+00,0.000000000000000000e+00,0.000000000000000000e+00,0.000000000000000000e+00,-3.977106838857731863e-01,9.175108783677229374e-01
1.788340743550091982e+09,-3.879391811205943341e-01,-1.079017290243645899e+00,0.000000000000000000e+00,0.000000000000000000e+00,0.000000000000000000e+00,-2.949968955971266071e-01,9.554982111904019026e-01
1.788340743649971247e+09,-4.206789362579046454e-01,-1.007618910537017687e+00,0.000000000000000000e+00,0.000000000000000000e+00,0.000000000000000000e+00,-1.897316623598130914e-01,9.818359823810604015e-01
1.788340743749935627e+09,-4.558667338274184910e-01,-9.636232145266365734e-01,0.000000000000000000e+00,0.000000000000000000e+00,0.000000000000000000e+00,-1.093958055241449623e-01,9.939982684762199705e-01
1.788340743850108862e+09,-4.740065731394842441e-01,-9.814767442521805663e-01,0.000000000000000000e+00,0.000000000000000000e+00,0.000000000000000000e+00,-9.814605620329165669e-02,9.951720211359141866e-01
1.788340743949978113e+09,-4.955487093361463646e-01,-9.971638152839887859e-01,0.000000000000000000e+00,0.000000000000000000e+00,0.000000000000000000e+00,-1.016276384973818225e-01,9.948225083367612243e-01
1.788340744049954653e+09,-5.162827799364151371e-01,-1.014276958382318128e+00,0.000000000000000000e+00,0.000000000000000000e+00,0.000000000000000000e+00,-1.069267279331329451e-01,9.942669032274552565e-01
1.788340744149959803e+09,-5.264276212542957634e-01,-1.030936487370232246e+00,0.000000000000000000e+00,0.000000000000000000e+00,0.000000000000000000e+00,-1.059694652402166509e-01,9.943693843017806788e-01
1.788340744249953747e+09,-5.480328425664093839e-01,-1.082996842911737367e+00,0.000000000000000000e+00,0.000000000000000000e+00,0.000000000000000000e+00,-1.166330864082623653e-01,9.931750717546643514e-01
1.788340744349999905e+09,-5.657532881467357555e-01,-1.122118697079577565e+00,0.000000000000000000e+00,0.000000000000000000e+00,0.000000000000000000e+00,-1.093312856774995290e-01,9.940053671746974517e-01
1.788340744450028896e+09,-5.738684403797262856e-01,-1.126820580969276175e+00,0.000000000000000000e+00,0.000000000000000000e+00,0.000000000000000000e+00,-1.098767926913093995e-01,9.939452150032571653e-01
1.788340744549875021e+09,-5.770623465667772400e-01,-1.117181500220465029e+00,0.000000000000000000e+00,0.000000000000000000e+00,0.000000000000000000e+00,-1.113538029740940155e-01,9.937808262203526866e-01
1.788340744650006056e+09,-5.841257480653706535e-01,-1.107582692273302527e+00,0.000000000000000000e+00,0.000000000000000000e+00,0.000000000000000000e+00,-1.222441158356900592e-01,9.925000635483861577e-01
1.788340744750012159e+09,-5.915065011280250529e-01,-1.111610677278845216e+00,0.000000000000000000e+00,0.000000000000000000e+00,0.000000000000000000e+00,-1.395017599410807163e-01,9.902218231150741179e-01
1.788340744850018978e+09,-6.054924081592460983e-01,-1.113369153311963178e+00,0.000000000000000000e+00,0.000000000000000000e+00,0.000000000000000000e+00,-1.610000406297268094e-01,9.869543996138960829e-01
1.788340744949922323e+09,-6.225543738201853028e-01,-1.109316560983821365e+00,0.000000000000000000e+00,0.000000000000000000e+00,0.000000000000000000e+00,-1.721452912361617626e-01,9.850715703466510487e-01
1.788340745050059080e+09,-6.471789311156677105e-01,-1.111477852814636957e+00,0.000000000000000000e+00,0.000000000000000000e+00,0.000000000000000000e+00,-1.886214811230704225e-01,9.820498647517542645e-01
1.788340745149997950e+09,-6.773590207869584212e-01,-1.113562296786251515e+00,0.000000000000000000e+00,0.000000000000000000e+00,0.000000000000000000e+00,-2.129200138783589880e-01,9.770696329791646040e-01
1.788340745249926805e+09,-7.093977920830515371e-01,-1.116095959392735537e+00,0.000000000000000000e+00,0.000000000000000000e+00,0.000000000000000000e+00,-2.363338785010081211e-01,9.716719085538444434e-01
1.788340745349970102e+09,-7.529026340917363003e-01,-1.105261508610544841e+00,0.000000000000000000e+00,0.000000000000000000e+00,0.000000000000000000e+00,-2.528194783478053820e-01,9.675134683134616331e-01
1.788340745450003624e+09,-7.900447302309525632e-01,-1.038889275250756139e+00,0.000000000000000000e+00,0.000000000000000000e+00,0.000000000000000000e+00,-2.103085118139538801e-01,9.776350698796560934e-01
1.788340745550046921e+09,-8.281100281377908878e-01,-9.565760048087388334e-01,0.000000000000000000e+00,0.000000000000000000e+00,0.000000000000000000e+00,-1.246057792832334504e-01,9.922063292325936645e-01
1.788340745650025129e+09,-8.683902951210934473e-01,-8.847670225051036397e-01,0.000000000000000000e+00,0.000000000000000000e+00,0.000000000000000000e+00,-3.144566307160380492e-02,9.995054628534989494e-01
1.788340745750005484e+09,-8.930196411994817396e-01,-8.547719745610122821e-01,0.000000000000000000e+00,0.000000000000000000e+00,0.000000000000000000e+00,2.358976872828484964e-02,9.997217226865414696e-01
1.788340745849917173e+09,-9.028012036360504311e-01,-8.796850215272535856e-01,0.000000000000000000e+00,0.000000000000000000e+00,0.000000000000000000e+00,2.065549627203230529e-02,9.997866524782954567e-01
1.788340745949891329e+09,-9.087507830546568410e-01,-9.070749603648673443e-01,0.000000000000000000e+00,0.000000000000000000e+00,0.000000000000000000e+00,1.637543220533155611e-02,9.998659136204657294e-01
1.788340746049958467e+09,-9.125765958049401050e-01,-9.284637014069634375e-01,0.000000000000000000e+00,0.000000000000000000e+00,0.000000000000000000e+00,1.653696788830958178e-02,9.998632549969326266e-01
1.788340746149900675e+09,-9.143445577833340110e-01,-9.457771588828052245e-01,0.000000000000000000e+00,0.000000000000000000e+00,0.000000000000000000e+00,1.753869699228058007e-02,9.998461852244139303e-01
1.788340746250032663e+09,-9.154037661657657976e-01,-9.539112044578095251e-01,0.000000000000000000e+00,0.000000000000000000e+00,0.000000000000000000e+00,1.960442105861317369e-02,9.998078148699161005e-01
1.788340746349885464e+09,-9.244049277636310347e-01,-9.225984192851024446e-01,0.000000000000000000e+00,0.000000000000000000e+00,0.000000000000000000e+00,3.021292755877058936e-02,9.995434853013290821e-01
1.788340746449942589e+09,-9.442316034088511500e-01,-8.643552820121631619e-01,0.000000000000000000e+00,0.000000000000000000e+00,0.000000000000000000e+00,5.876861534778596990e-02,9.982716312958631599e-01
1.788340746549878120e+09,-9.710624489577500684e-01,-7.960186502622454974e-01,0.000000000000000000e+00,0.000000000000000000e+00,0.000000000000000000e+00,8.482759128353890843e-02,9.963956441881069992e-01
1.788340746650007963e+09,-9.929966463564012802e-01,-7.281333144805661739e-01,0.000000000000000000e+00,0.000000000000000000e+00,0.000000000000000000e+00,9.132066464316086762e-02,9.958215383336168625e-01
1.788340746750000715e+09,-1.017026153903479280e+00,-6.533079129271603946e-01,0.000000000000000000e+00,0.000000000000000000e+00,0.000000000000000000e+00,9.515460216539732563e-02,9.954625064193755035e-01
1.788340746849966288e+09,-1.046364088969704786e+00,-5.765903234090288265e-01,0.000000000000000000e+00,0.000000000000000000e+00,0.000000000000000000e+00,9.277169604713216000e-02,9.956874069769782176e-01
1.788340746949945450e+09,-1.074500665904988050e+00,-4.981433072694958497e-01,0.000000000000000000e+00,0.000000000000000000e+00,0.000000000000000000e+00,9.514400129524711036e-02,9.954635196819270337e-01
1.788340747050022125e+09,-1.103387227408757720e+00,-4.227058504599399136e-01,0.000000000000000000e+00,0.000000000000000000e+00,0.000000000000000000e+00,9.459303416352950189e-02,9.955160259321481631e-01
1.788340747149997234e+09,-1.122641751102601670e+00,-3.646025234259635539e-01,0.000000000000000000e+00,0.000000000000000000e+00,0.000000000000000000e+00,8.498636608514516244e-02,9.963821142411387610e-01
1.788340747249995470e+09,-1.134628418216125034e+00,-3.542785001718691262e-01,0.000000000000000000e+00,0.000000000000000000e+00,0.000000000000000000e+00,7.686427771920792407e-02,9.970415652372295323e-01
1.788340747350006104e+09,-1.144882509820345007e+00,-3.461586946105033036e-01,0.000000000000000000e+00,0.000000000000000000e+00,0.000000000000000000e+00,1.032454057214748644e-01,9.946559134682748660e-01
1.788340747449937820e+09,-1.160673750958176598e+00,-3.534802871093458698e-01,0.000000000000000000e+00,0.000000000000000000e+00,0.000000000000000000e+00,1.304032869261423644e-01,9.914610344127792185e-01
1.788340747549854994e+09,-1.158080440922725440e+00,-3.812429801969035026e-01,0.000000000000000000e+00,0.000000000000000000e+00,0.000000000000000000e+00,1.415262227034637388e-01,9.899345070696794480e-01
1.788340747649805307e+09,-1.147685018327860851e+00,-4.190653843865277395e-01,0.000000000000000000e+00,0.000000000000000000e+00,0.000000000000000000e+00,1.471931739604062372e-01,9.891077643712347101e-01
1.788340747749958038e+09,-1.136238532190966932e+00,-4.419185298869825473e-01,0.000000000000000000e+00,0.000000000000000000e+00,0.000000000000000000e+00,1.477253907108970477e-01,9.890284166490428408e-01
1.788340747849961758e+09,-1.117183772203635073e+00,-4.547730356458115075e-01,0.000000000000000000e+00,0.000000000000000000e+00,0.000000000000000000e+00,1.257706171219053759e-01,9.920593489649573993e-01
1.788340747949899673e+09,-1.107141180046666173e+00,-4.574454241073810934e-01,0.000000000000000000e+00,0.000000000000000000e+00,0.000000000000000000e+00,1.171234626945129587e-01,9.931173618895436928e-01
1.788340748050010920e+09,-1.146735576673448609e+00,-4.212374911785916609e-01,0.000000000000000000e+00,0.000000000000000000e+00,0.000000000000000000e+00,1.863088075450895498e-01,9.824912357019409681e-01
1.788340748149802446e+09,-1.211320726299946582e+00,-3.977880396217052805e-01,0.000000000000000000e+00,0.000000000000000000e+00,0.000000000000000000e+00,2.762286941352360414e-01,9.610919355276799081e-01
1.788340748249995708e+09,-1.285809139702552617e+00,-3.920533994449182380e-01,0.000000000000000000e+00,0.000000000000000000e+00,0.000000000000000000e+00,3.676232193063927456e-01,9.299748215015306574e-01
1.788340748349942684e+09,-1.358340288264775042e+00,-3.998247912850749763e-01,0.000000000000000000e+00,0.000000000000000000e+00,0.000000000000000000e+00,4.543188711757967235e-01,8.908391343522970018e-01
1.788340748449665546e+09,-1.369994821862311696e+00,-4.092255427605784313e-01,0.000000000000000000e+00,0.000000000000000000e+00,0.000000000000000000e+00,4.658839739863609442e-01,8.848458186501622080e-01
1.788340748549841642e+09,-1.338511710077639361e+00,-4.099463409397010594e-01,0.000000000000000000e+00,0.000000000000000000e+00,0.000000000000000000e+00,4.312780458279510953e-01,9.022190682904146497e-01
1.788340748649950504e+09,-1.298166777591758692e+00,-4.091719934565101191e-01,0.000000000000000000e+00,0.000000000000000000e+00,0.000000000000000000e+00,3.902053023544184707e-01,9.207278762014848850e-01
1.788340748749954462e+09,-1.256947021347398774e+00,-4.116537039874659243e-01,0.000000000000000000e+00,0.000000000000000000e+00,0.000000000000000000e+00,3.420595736077368110e-01,9.396782684000377639e-01
1.788340748849862099e+09,-1.215348505803741652e+00,-4.146809477101016661e-01,0.000000000000000000e+00,0.000000000000000000e+00,0.000000000000000000e+00,2.976312628126306370e-01,9.546809055367970753e-01
1.788340748949870110e+09,-1.178184131249317756e+00,-4.183521853909550892e-01,0.000000000000000000e+00,0.000000000000000000e+00,0.000000000000000000e+00,2.552813194986620626e-01,9.668668201541626983e-01
1.788340749049939871e+09,-1.145976295422345359e+00,-4.229392913420531031e-01,0.000000000000000000e+00,0.000000000000000000e+00,0.000000000000000000e+00,2.097303771572708586e-01,9.777592591724555415e-01
1.788340749149876118e+09,-1.118897229362753043e+00,-4.316409684365813959e-01,0.000000000000000000e+00,0.000000000000000000e+00,0.000000000000000000e+00,1.658662720290703108e-01,9.861482544745381329e-01
1.788340749249841690e+09,-1.091921305452923541e+00,-4.433989789013534910e-01,0.000000000000000000e+00,0.000000000000000000e+00,0.000000000000000000e+00,1.218575716480415766e-01,9.925475969604896642e-01
1.788340749349822760e+09,-1.067434747134687445e+00,-4.579397552968083041e-01,0.000000000000000000e+00,0.000000000000000000e+00,0.000000000000000000e+00,7.344804382418239352e-02,9.972990448498388893e-01
1.788340749449914694e+09,-1.044891327486537236e+00,-4.762695257625568779e-01,0.000000000000000000e+00,0.000000000000000000e+00,0.000000000000000000e+00,2.818750460691086743e-02,9.996026533498375555e-01
1.788340749549891710e+09,-1.025045226815773036e+00,-4.951508984638710587e-01,0.000000000000000000e+00,0.000000000000000000e+00,0.000000000000000000e+00,-1.780861449789900713e-02,9.998414140500809788e-01
1.788340749649922371e+09,-1.008362464584719564e+00,-5.155707562985840653e-01,0.000000000000000000e+00,0.000000000000000000e+00,0.000000000000000000e+00,-6.404985196851165075e-02,9.979467002113949770e-01
1.788340749749868631e+09,-9.937126713397070876e-01,-5.408156755228707979e-01,0.000000000000000000e+00,0.000000000000000000e+00,0.000000000000000000e+00,-1.106661568631093495e-01,9.938576365481877062e-01
1.788340749849966764e+09,-9.785915610823060495e-01,-5.676976334502614741e-01,0.000000000000000000e+00,0.000000000000000000e+00,0.000000000000000000e+00,-1.573257296260725246e-01,9.875467658787728809e-01
1.788340749949808121e+09,-9.727570123226948473e-01,-5.859970921169628255e-01,0.000000000000000000e+00,0.000000000000000000e+00,0.000000000000000000e+00,-1.908261246573696446e-01,9.816238536976624740e-01
1.788340750049879313e+09,-9.720322532774072766e-01,-5.735218992205548538e-01,0.000000000000000000e+00,0.000000000000000000e+00,0.000000000000000000e+00,-1.874242559498779936e-01,9.822790582526100822e-01
1.788340750149921894e+09,-9.691522541339269159e-01,-5.532588866790479898e-01,0.000000000000000000e+00,0.000000000000000000e+00,0.000000000000000000e+00,-1.797197468124687725e-01,9.837178521332536896e-01
1.788340750249928474e+09,-9.657812026762573332e-01,-5.283149719881916617e-01,0.000000000000000000e+00,0.000000000000000000e+00,0.000000000000000000e+00,-1.781715535249547011e-01,9.839994397937960047e-01
1.788340750349919796e+09,-9.594852464625717170e-01,-4.919519927502027379e-01,0.000000000000000000e+00,0.000000000000000000e+00,0.000000000000000000e+00,-1.751565037794391710e-01,9.845406031158712157e-01
1.788340750449942350e+09,-9.433775713691022746e-01,-4.427184811007900400e-01,0.000000000000000000e+00,0.000000000000000000e+00,0.000000000000000000e+00,-1.722306135292460127e-01,9.850566561184893599e-01
1.788340750549956799e+09,-9.249053438680565620e-01,-3.847053803875017941e-01,0.000000000000000000e+00,0.000000000000000000e+00,0.000000000000000000e+00,-1.744249885165089775e-01,9.846704643590239447e-01
1.788340750649848700e+09,-9.085653390557938414e-01,-3.226643373260236203e-01,0.000000000000000000e+00,0.000000000000000000e+00,0.000000000000000000e+00,-1.733399022798313704e-01,9.848620605331583899e-01
1.788340750749841928e+09,-8.905175454443015060e-01,-2.569751520691863078e-01,0.000000000000000000e+00,0.000000000000000000e+00,0.000000000000000000e+00,-1.707473940078598762e-01,9.853148367093254034e-01
1.788340750849801064e+09,-8.724943452044310321e-01,-1.902769525810543705e-01,0.000000000000000000e+00,0.000000000000000000e+00,0.000000000000000000e+00,-1.716949295977679146e-01,9.851501668022076830e-01
1.788340750949988127e+09,-8.548192978448653223e-01,-1.167783388776575393e-01,0.000000000000000000e+00,0.000000000000000000e+00,0.000000000000000000e+00,-1.696642881352166121e-01,9.855019174672214888e-01
1.788340751049833298e+09,-8.382033280394726171e-01,-4.284584832482218886e-02,0.000000000000000000e+00,0.000000000000000000e+00,0.000000000000000000e+00,-1.689135491767720931e-01,9.856308705111189727e-01
1.788340751149898291e+09,-8.247790218665379536e-01,3.392810429873582834e-02,0.000000000000000000e+00,0.000000000000000000e+00,0.000000000000000000e+00,-1.687631992181525264e-01,9.856566250929651440e-01
1.788340751249784231e+09,-8.128647113608326036e-01,1.128383946884330413e-01,0.000000000000000000e+00,0.000000000000000000e+00,0.000000000000000000e+00,-1.672900691455174449e-01,9.859077202077727309e-01
1.788340751349920511e+09,-7.999269704726756913e-01,1.896464841842564475e-01,0.000000000000000000e+00,0.000000000000000000e+00,0.000000000000000000e+00,-1.663048180168699153e-01,9.860743924797843452e-01
1.788340751449920177e+09,-7.903955096513587408e-01,2.688816051122269180e-01,0.000000000000000000e+00,0.000000000000000000e+00,0.000000000000000000e+00,-1.648675735399092734e-01,9.863157117247308703e-01
1.788340751549929619e+09,-7.815204714075242309e-01,3.479905574747128583e-01,0.000000000000000000e+00,0.000000000000000000e+00,0.000000000000000000e+00,-1.642627785603800461e-01,9.864166156242621941e-01
1.788340751649911404e+09,-7.722725829010751442e-01,4.257551040828480016e-01,0.000000000000000000e+00,0.000000000000000000e+00,0.000000000000000000e+00,-1.637696185254470527e-01,9.864986122889526365e-01
1.788340751749805212e+09,-7.669070349005986387e-01,5.027060980677748869e-01,0.000000000000000000e+00,0.000000000000000000e+00,0.000000000000000000e+00,-1.609270437075276672e-01,9.869663046951276941e-01
1.788340751849871397e+09,-7.583673892319561238e-01,5.737464964276044466e-01,0.000000000000000000e+00,0.000000000000000000e+00,0.000000000000000000e+00,-1.638843052005256318e-01,9.864795661892550305e-01
1.788340751949880123e+09,-7.490591877134640253e-01,6.473662145673251267e-01,0.000000000000000000e+00,0.000000000000000000e+00,0.000000000000000000e+00,-1.648641080224258204e-01,9.863162909969447334e-01
1.788340752049846411e+09,-7.381153578848783647e-01,7.127079348008302784e-01,0.000000000000000000e+00,0.000000000000000000e+00,0.000000000000000000e+00,-1.734932019811089021e-01,9.848350668342096270e-01
1.788340752149882317e+09,-7.237107777579502299e-01,7.791903804379185505e-01,0.000000000000000000e+00,0.000000000000000000e+00,0.000000000000000000e+00,-1.805376520368529858e-01,9.835680740025165569e-01
1.788340752249921799e+09,-7.093974353515843934e-01,8.443855386908394323e-01,0.000000000000000000e+00,0.000000000000000000e+00,0.000000000000000000e+00,-1.881466474725676519e-01,9.821409466287582823e-01
1.788340752349766254e+09,-6.964722174462674165e-01,8.801262057111771675e-01,0.000000000000000000e+00,0.000000000000000000e+00,0.000000000000000000e+00,-2.086821711238411869e-01,9.779835128748539663e-01
1.788340752449795008e+09,-6.932492915950718704e-01,8.785957766698937466e-01,0.000000000000000000e+00,0.000000000000000000e+00,0.000000000000000000e+00,-2.391842538266815144e-01,9.709741977629341436e-01
1.788340752549833536e+09,-7.069128827859858522e-01,8.608334301024544999e-01,0.000000000000000000e+00,0.000000000000000000e+00,0.000000000000000000e+00,-2.712793422238196084e-01,9.625006589517806077e-01
1.788340752649933100e+09,-7.270079640164607282e-01,8.393997863097599765e-01,0.000000000000000000e+00,0.000000000000000000e+00,0.000000000000000000e+00,-3.030155911444069594e-01,9.529855988016847634e-01
1.788340752749905348e+09,-7.553991067015281002e-01,8.219918406195134697e-01,0.000000000000000000e+00,0.000000000000000000e+00,0.000000000000000000e+00,-3.267077418861253912e-01,9.451254156944828289e-01
1.788340752849819660e+09,-7.754554907794640739e-01,8.260443531916463744e-01,0.000000000000000000e+00,0.000000000000000000e+00,0.000000000000000000e+00,-3.353458552217076782e-01,9.420950893543716953e-01
1.788340752949812651e+09,-7.710639565799387585e-01,8.248629518198122845e-01,0.000000000000000000e+00,0.000000000000000000e+00,0.000000000000000000e+00,-3.394606101913686391e-01,9.406202709534297046e-01
1.788340753049943209e+09,-7.684963971015500439e-01,8.047246937758796292e-01,0.000000000000000000e+00,0.000000000000000000e+00,0.000000000000000000e+00,-3.649244479721021062e-01,9.310371352810029588e-01
1.788340753149915218e+09,-7.678825180163654229e-01,7.777647745108060562e-01,0.000000000000000000e+00,0.000000000000000000e+00,0.000000000000000000e+00,-3.993147052517708184e-01,9.168139212346697597e-01
1.788340753249792814e+09,-7.677339802101486033e-01,7.759311009094962408e-01,0.000000000000000000e+00,0.000000000000000000e+00,0.000000000000000000e+00,-4.062917666702167696e-01,9.137433996128202507e-01
1.788340753349798441e+09,-7.653938116398482094e-01,8.186267672000426820e-01,0.000000000000000000e+00,0.000000000000000000e+00,0.000000000000000000e+00,-3.610260839645909048e-01,9.325557177440884082e-01
1.788340753449764967e+09,-7.677293737096781978e-01,8.971716184101565794e-01,0.000000000000000000e+00,0.000000000000000000e+00,0.000000000000000000e+00,-2.711123523387171663e-01,9.625477091601056800e-01
1.788340753549771309e+09,-7.883139985749291201e-01,9.786007407559313975e-01,0.000000000000000000e+00,0.000000000000000000e+00,0.000000000000000000e+00,-1.694586889000903318e-01,9.855372914082261016e-01
1.788340753649804354e+09,-8.157625303963038643e-01,1.039742914437597365e+00,0.000000000000000000e+00,0.000000000000000000e+00,0.000000000000000000e+00,-8.403929596603208763e-02,9.964624412056550806e-01
1.788340753749842882e+09,-8.275570372580954848e-01,1.031760638643931971e+00,0.000000000000000000e+00,0.000000000000000000e+00,0.000000000000000000e+00,-7.077102294824386131e-02,9.974925875969501421e-01
1.788340753849915504e+09,-8.302867559712301393e-01,1.016127006327628202e+00,0.000000000000000000e+00,0.000000000000000000e+00,0.000000000000000000e+00,-7.485145176913186871e-02,9.971946952165625655e-01
1.788340753949783087e+09,-8.345143841248083838e-01,9.974976362675735952e-01,0.000000000000000000e+00,0.000000000000000000e+00,0.000000000000000000e+00,-7.732568085190956453e-02,9.970058871846187998e-01
1.788340754049752474e+09,-8.358190438243094933e-01,9.851411210900762327e-01,0.000000000000000000e+00,0.000000000000000000e+00,0.000000000000000000e+00,-7.526614114676828671e-02,9.971634810786417225e-01
1.788340754149852991e+09,-8.365383829915123970e-01,9.828718003488878807e-01,0.000000000000000000e+00,0.000000000000000000e+00,0.000000000000000000e+00,-7.388168335289244104e-02,9.972670138257571093e-01
1.788340754249922752e+09,-8.358426353438634937e-01,1.007979976942613876e+00,0.000000000000000000e+00,0.000000000000000000e+00,0.000000000000000000e+00,-7.423023829843063137e-02,9.972411301797365901e-01
1.788340754349796772e+09,-8.285606594332631802e-01,1.048992972052210648e+00,0.000000000000000000e+00,0.000000000000000000e+00,0.000000000000000000e+00,-7.234537650947651943e-02,9.973796401058637739e-01
1.788340754449859858e+09,-8.199934525039430655e-01,1.090308272555078561e+00,0.000000000000000000e+00,0.000000000000000000e+00,0.000000000000000000e+00,-7.863250869860764769e-02,9.969036706601912545e-01
1.788340754549832106e+09,-8.189879738491648853e-01,1.107499098883300226e+00,0.000000000000000000e+00,0.000000000000000000e+00,0.000000000000000000e+00,-7.852342111861690399e-02,9.969122691269418635e-01
1.788340754649843216e+09,-8.143900598684835623e-01,1.115819195943810183e+00,0.000000000000000000e+00,0.000000000000000000e+00,0.000000000000000000e+00,-7.320766849668926268e-02,9.973167186372035031e-01
1.788340754749742985e+09,-8.034122858697173575e-01,1.123704135488992062e+00,0.000000000000000000e+00,0.000000000000000000e+00,0.000000000000000000e+00,-7.559527825903228360e-02,9.971385830991293941e-01
1.788340754849809408e+09,-7.824925036835577163e-01,1.130068242407742840e+00,0.000000000000000000e+00,0.000000000000000000e+00,0.000000000000000000e+00,-7.139670724368846200e-02,9.974479987421696059e-01
1.788340754949882984e+09,-7.607923893989190223e-01,1.143160193863888674e+00,0.000000000000000000e+00,0.000000000000000000e+00,0.000000000000000000e+00,-7.003179125507807967e-02,9.975447600050864061e-01
1.788340755049782991e+09,-7.325254792369103596e-01,1.157722272561517496e+00,0.000000000000000000e+00,0.000000000000000000e+00,0.000000000000000000e+00,-5.785557781400228056e-02,9.983249631837360916e-01
1.788340755149758816e+09,-7.012545812321426819e-01,1.169207954069637179e+00,0.000000000000000000e+00,0.000000000000000000e+00,0.000000000000000000e+00,-4.553916320227296977e-02,9.989625541604834069e-01
1.788340755249861956e+09,-6.639640662463573983e-01,1.182589486725346362e+00,0.000000000000000000e+00,0.000000000000000000e+00,0.000000000000000000e+00,-3.552211783691199692e-02,9.993688904225409564e-01
1.788340755349900007e+09,-6.217265982695260318e-01,1.197005058030185864e+00,0.000000000000000000e+00,0.000000000000000000e+00,0.000000000000000000e+00,-1.335498916019255827e-02,9.999108181555649288e-01
1.788340755449801922e+09,-5.730872350920764857e-01,1.206702916945828985e+00,0.000000000000000000e+00,0.000000000000000000e+00,0.000000000000000000e+00,2.031215427646897772e-03,9.999979370798154354e-01
1.788340755549800873e+09,-5.195232823970612479e-01,1.213966795094304940e+00,0.000000000000000000e+00,0.000000000000000000e+00,0.000000000000000000e+00,6.515308619755372926e-03,9.999787751515475387e-01
1.788340755649904728e+09,-4.574654594468108293e-01,1.223314842976876315e+00,0.000000000000000000e+00,0.000000000000000000e+00,0.000000000000000000e+00,2.309558500806156364e-02,9.997332614018277219e-01
1.788340755749775648e+09,-3.901598870719116263e-01,1.228843833436376487e+00,0.000000000000000000e+00,0.000000000000000000e+00,0.000000000000000000e+00,3.999550119334326082e-02,9.991998598300007028e-01
1.788340755849848747e+09,-3.174326860373219983e-01,1.236627728099841672e+00,0.000000000000000000e+00,0.000000000000000000e+00,0.000000000000000000e+00,5.883601405135287926e-02,9.982676612264614890e-01
1.788340755949874640e+09,-2.369361024359111223e-01,1.249893010221193812e+00,0.000000000000000000e+00,0.000000000000000000e+00,0.000000000000000000e+00,8.746347479220649423e-02,9.961677271309650195e-01
1.788340756049786806e+09,-1.561836492721673242e-01,1.266634235806643582e+00,0.000000000000000000e+00,0.000000000000000000e+00,0.000000000000000000e+00,1.073999814985215906e-01,9.942158940462162420e-01
1.788340756149795532e+09,-9.336584231706090975e-02,1.278024468191266694e+00,0.000000000000000000e+00,0.000000000000000000e+00,0.000000000000000000e+00,1.115301531981662125e-01,9.937610502165967752e-01
1.788340756249797583e+09,-6.614399507358781349e-02,1.287144607482852088e+00,0.000000000000000000e+00,0.000000000000000000e+00,0.000000000000000000e+00,1.204848734282194384e-01,9.927151632139936677e-01
1.788340756349804878e+09,-7.838940505456348795e-02,1.288214191255588226e+00,0.000000000000000000e+00,0.000000000000000000e+00,0.000000000000000000e+00,1.246847970149527890e-01,9.921964026307190654e-01
1.788340756449912310e+09,-1.137394288637707529e-01,1.311561993951334104e+00,0.000000000000000000e+00,0.000000000000000000e+00,0.000000000000000000e+00,1.718969433183157591e-01,9.851149379020803787e-01
1.788340756549812555e+09,-1.549617227367074968e-01,1.324354904476745975e+00,0.000000000000000000e+00,0.000000000000000000e+00,0.000000000000000000e+00,2.253285107061930304e-01,9.742828451034786230e-01
1.788340756649785042e+09,-1.813157011855668355e-01,1.328806143961371644e+00,0.000000000000000000e+00,0.000000000000000000e+00,0.000000000000000000e+00,2.542205498827742050e-01,9.671462722966469583e-01
1.788340756749786139e+09,-1.775186393420762343e-01,1.319637939798861570e+00,0.000000000000000000e+00,0.000000000000000000e+00,0.000000000000000000e+00,2.396356969251596525e-01,9.708628805136144679e-01
1.788340756849892139e+09,-1.483536678619565841e-01,1.301448271465573070e+00,0.000000000000000000e+00,0.000000000000000000e+00,0.000000000000000000e+00,1.969160322910806227e-01,9.804203569014353636e-01
1.788340756949682951e+09,-1.154584380916492403e-01,1.283191797653033150e+00,0.000000000000000000e+00,0.000000000000000000e+00,0.000000000000000000e+00,1.537896061332361120e-01,9.881036165531346116e-01
1.788340757049829483e+09,-8.535036387453076578e-02,1.265431641193854206e+00,0.000000000000000000e+00,0.000000000000000000e+00,0.000000000000000000e+00,1.100057430209973042e-01,9.939309515768175451e-01
1.788340757149834871e+09,-5.566087817463372112e-02,1.248366350070674535e+00,0.000000000000000000e+00,0.000000000000000000e+00,0.000000000000000000e+00,6.521579643509671509e-02,9.978711840189273818e-01
1.788340757249730825e+09,-2.953078925115582010e-02,1.231239213588040116e+00,0.000000000000000000e+00,0.000000000000000000e+00,0.000000000000000000e+00,2.177842018373192523e-02,9.997628220804676280e-01
1.788340757349876404e+09,-5.804028188169940705e-03,1.212817279682366411e+00,0.000000000000000000e+00,0.000000000000000000e+00,0.000000000000000000e+00,-2.358514552235244435e-02,9.997218317665617082e-01
1.788340757449711800e+09,4.661284409044563759e-03,1.208006264501085170e+00,0.000000000000000000e+00,0.000000000000000000e+00,0.000000000000000000e+00,-4.545049720764592766e-02,9.989665921859337550e-01
1.788340757549865484e+09,3.248489863544534728e-03,1.225111666334647742e+00,0.000000000000000000e+00,0.000000000000000000e+00,0.000000000000000000e+00,-4.467159690724182425e-02,9.990017259393283444e-01
1.788340757649722576e+09,1.384820344434212203e-03,1.237844162456201769e+00,0.000000000000000000e+00,0.000000000000000000e+00,0.000000000000000000e+00,-4.171931656863100968e-02,9.991293703144985550e-01
1.788340757749751806e+09,-4.685260994255147082e-03,1.234093412442368365e+00,0.000000000000000000e+00,0.000000000000000000e+00,0.000000000000000000e+00,-4.016799690332605033e-02,9.991929403397395992e-01
1.788340757849878311e+09,-1.152679098616116171e-02,1.209177629387422570e+00,0.000000000000000000e+00,0.000000000000000000e+00,0.000000000000000000e+00,-3.879526959405206477e-02,9.992471801597064829e-01
1.788340757949794054e+09,-1.991506611098903257e-02,1.167232175053670051e+00,0.000000000000000000e+00,0.000000000000000000e+00,0.000000000000000000e+00,-3.723586254272273632e-02,9.993065048025553399e-01
1.788340758049797535e+09,-2.760933874114268605e-02,1.109172442889863941e+00,0.000000000000000000e+00,0.000000000000000000e+00,0.000000000000000000e+00,-3.711261086142624704e-02,9.993110897588640684e-01
1.788340758149767160e+09,-3.519433357674306428e-02,1.072630569580463877e+00,0.000000000000000000e+00,0.000000000000000000e+00,0.000000000000000000e+00,-2.968846471991436892e-02,9.995592003791342606e-01
1.788340758249709606e+09,-3.462265674532183368e-02,1.057560102651068590e+00,0.000000000000000000e+00,0.000000000000000000e+00,0.000000000000000000e+00,-3.096078801213769313e-02,9.995205998906012690e-01
1.788340758349836349e+09,-3.289342947147044782e-02,1.053024192642342483e+00,0.000000000000000000e+00,0.000000000000000000e+00,0.000000000000000000e+00,-3.128163969048442655e-02,9.995106097577327597e-01
1.788340758449764967e+09,-3.156629488337414635e-02,1.068560518299813245e+00,0.000000000000000000e+00,0.000000000000000000e+00,0.000000000000000000e+00,-2.881292926272713620e-02,9.995848213670018856e-01
1.788340758549679995e+09,-2.803418709574478918e-02,1.107261231391337253e+00,0.000000000000000000e+00,0.000000000000000000e+00,0.000000000000000000e+00,-2.842754669806480880e-02,9.995958556280279961e-01
1.788340758649712563e+09,-2.216558933551504573e-02,1.164345278089308211e+00,0.000000000000000000e+00,0.000000000000000000e+00,0.000000000000000000e+00,-2.806647412201032296e-02,9.996060589203921154e-01
1.788340758749845266e+09,-1.538399800819578722e-02,1.232065304154116303e+00,0.000000000000000000e+00,0.000000000000000000e+00,0.000000000000000000e+00,-2.867003228386249061e-02,9.995889301352042233e-01
1.788340758849825621e+09,-1.198820103031583706e-02,1.306032446735273300e+00,0.000000000000000000e+00,0.000000000000000000e+00,0.000000000000000000e+00,-2.907382997659310395e-02,9.995772668535896077e-01
1.788340758949730158e+09,-6.285158910599442095e-04,1.365104628325363167e+00,0.000000000000000000e+00,0.000000000000000000e+00,0.000000000000000000e+00,-3.785102344135426317e-02,9.992833932496038019e-01
1.788340759049824715e+09,3.061659521860216060e-03,1.374262056241161822e+00,0.000000000000000000e+00,0.000000000000000000e+00,0.000000000000000000e+00,-4.955230814654671551e-02,9.987715298091700555e-01
1.788340759149667263e+09,2.356922595123434050e-03,1.367435128808827560e+00,0.000000000000000000e+00,0.000000000000000000e+00,0.000000000000000000e+00,-4.370487688855127090e-02,9.990444853639683931e-01
1.788340759249773264e+09,-6.325868395541389688e-03,1.336467741321328617e+00,0.000000000000000000e+00,0.000000000000000000e+00,0.000000000000000000e+00,-4.224610658401831836e-02,9.991072347243271645e-01
1.788340759349708319e+09,-7.786590359385892057e-03,1.327478627077864459e+00,0.000000000000000000e+00,0.000000000000000000e+00,0.000000000000000000e+00,-4.405869319395520900e-02,9.990289443024366056e-01
1.788340759449721098e+09,-1.197760886888965537e-02,1.329343197012880173e+00,0.000000000000000000e+00,0.000000000000000000e+00,0.000000000000000000e+00,-4.304121774426510061e-02,9.990732973986896637e-01
1.788340759549671650e+09,-2.051011499814991978e-02,1.331079015858821046e+00,0.000000000000000000e+00,0.000000000000000000e+00,0.000000000000000000e+00,-4.062040778143307523e-02,9.991746506350478452e-01
1.788340759649717331e+09,-3.595167777520136276e-02,1.331137105503661155e+00,0.000000000000000000e+00,0.000000000000000000e+00,0.000000000000000000e+00,-3.990428053638552658e-02,9.992035069968846495e-01
1.788340759749790668e+09,-5.523007612550179246e-02,1.327852708864480258e+00,0.000000000000000000e+00,0.000000000000000000e+00,0.000000000000000000e+00,-4.738291876200997899e-02,9.988767987142321836e-01
1.788340759849829197e+09,-7.818067985392440633e-02,1.328060439433147222e+00,0.000000000000000000e+00,0.000000000000000000e+00,0.000000000000000000e+00,-5.234558505149468355e-02,9.986290300835524159e-01
1.788340759949701309e+09,-1.035337890445504616e-01,1.332400247371022806e+00,0.000000000000000000e+00,0.000000000000000000e+00,0.000000000000000000e+00,-4.800430029736168364e-02,9.988471290207330266e-01
1.788340760049739599e+09,-1.342667769748020490e-01,1.332555889797877757e+00,0.000000000000000000e+00,0.000000000000000000e+00,0.000000000000000000e+00,-5.384380326390870303e-02,9.985493702617199707e-01
1.788340760149742603e+09,-1.688113929887617992e-01,1.332746425726558215e+00,0.000000000000000000e+00,0.000000000000000000e+00,0.000000000000000000e+00,-5.201815106297581065e-02,9.986461395108827688e-01
1.788340760249740839e+09,-2.124886468340092538e-01,1.331489482301530636e+00,0.000000000000000000e+00,0.000000000000000000e+00,0.000000000000000000e+00,-4.855584121479592646e-02,9.988204694958566776e-01
1.788340760349718332e+09,-2.664310783002401539e-01,1.335623207874783613e+00,0.000000000000000000e+00,0.000000000000000000e+00,0.000000000000000000e+00,-4.649237639983605508e-02,9.989186448038177568e-01
1.788340760449661493e+09,-3.216342854462010958e-01,1.338595830285577826e+00,0.000000000000000000e+00,0.000000000000000000e+00,0.000000000000000000e+00,-3.962329683155706855e-02,9.992146888172721564e-01
1.788340760549701929e+09,-3.817298663837072059e-01,1.340768922690892095e+00,0.000000000000000000e+00,0.000000000000000000e+00,0.000000000000000000e+00,-3.810218141068411057e-02,9.992738482376826159e-01
1.788340760649789333e+09,-4.476734195667952942e-01,1.340618464071914540e+00,0.000000000000000000e+00,0.000000000000000000e+00,0.000000000000000000e+00,-3.659672093400067466e-02,9.993301156359086779e-01
1.788340760749756575e+09,-5.161070181058247108e-01,1.344263208263748455e+00,0.000000000000000000e+00,0.000000000000000000e+00,0.000000000000000000e+00,-3.138238350655465220e-02,9.995074517008102344e-01
1.788340760849696636e+09,-5.734298508901324309e-01,1.341489717781144675e+00,0.000000000000000000e+00,0.000000000000000000e+00,0.000000000000000000e+00,-2.193213251559883795e-02,9.997594618523588661e-01
1.788340760949892759e+09,-6.348550681073736879e-01,1.331228932916414642e+00,0.000000000000000000e+00,0.000000000000000000e+00,0.000000000000000000e+00,-2.319982070602195912e-02,9.997308479381880053e-01
1.788340761049823999e+09,-7.057512492724518083e-01,1.324841954358989549e+00,0.000000000000000000e+00,0.000000000000000000e+00,0.000000000000000000e+00,-2.739582726106999655e-02,9.996246638857414490e-01
1.788340761149752378e+09,-7.836819340651258736e-01,1.322454600707120065e+00,0.000000000000000000e+00,0.000000000000000000e+00,0.000000000000000000e+00,-3.434525840466945423e-02,9.994100275788293519e-01
1.788340761249774933e+09,-8.751228114791234081e-01,1.321953789201874008e+00,0.000000000000000000e+00,0.000000000000000000e+00,0.000000000000000000e+00,-4.105720696675688869e-02,9.991567973827176763e-01
1.788340761349850178e+09,-9.763006987705321604e-01,1.323783409205670392e+00,0.000000000000000000e+00,0.000000000000000000e+00,0.000000000000000000e+00,-4.900593525919028776e-02,9.987984873383480844e-01
1.788340761449838161e+09,-1.052827604867011324e+00,1.330002496621574215e+00,0.000000000000000000e+00,0.000000000000000000e+00,0.000000000000000000e+00,-4.927080202562613559e-02,9.987854564758897880e-01
1.788340761549812078e+09,-1.102136348849380942e+00,1.327091606766033660e+00,0.000000000000000000e+00,0.000000000000000000e+00,0.000000000000000000e+00,-6.441559401533925033e-02,9.979231589895340981e-01
1.788340761649760485e+09,-1.124301521444784013e+00,1.326551312152042916e+00,0.000000000000000000e+00,0.000000000000000000e+00,0.000000000000000000e+00,-7.241961119443143802e-02,9.973742526827367172e-01
1.788340761749716759e+09,-1.120593704697083082e+00,1.325479410264794655e+00,0.000000000000000000e+00,0.000000000000000000e+00,0.000000000000000000e+00,-7.388015273285808426e-02,9.972671272192669134e-01
1.788340761849672079e+09,-1.114649866581680193e+00,1.324304548568498996e+00,0.000000000000000000e+00,0.000000000000000000e+00,0.000000000000000000e+00,-8.042696704520777007e-02,9.967605043198236592e-01
1.788340761949801445e+09,-1.098141960058514055e+00,1.322557953085845561e+00,0.000000000000000000e+00,0.000000000000000000e+00,0.000000000000000000e+00,-8.556008243618042075e-02,9.963330127490075405e-01
1.788340762049828768e+09,-1.073993183769202053e+00,1.323611501609428753e+00,0.000000000000000000e+00,0.000000000000000000e+00,0.000000000000000000e+00,-8.513785311149826840e-02,9.963691815625196346e-01
1.788340762149781227e+09,-1.044560168323074745e+00,1.318314152480936086e+00,0.000000000000000000e+00,0.000000000000000000e+00,0.000000000000000000e+00,-1.006677731917999113e-01,9.949200970131241162e-01
1.788340762249720335e+09,-1.002861751344333197e+00,1.316435707247593401e+00,0.000000000000000000e+00,0.000000000000000000e+00,0.000000000000000000e+00,-9.893792393055322876e-02,9.950936072592929671e-01
1.788340762349722624e+09,-9.573667462304793485e-01,1.314203459964969900e+00,0.000000000000000000e+00,0.000000000000000000e+00,0.000000000000000000e+00,-1.095741253073117122e-01,9.939786270655611711e-01
1.788340762449727535e+09,-9.049187793466730856e-01,1.308549737330447327e+00,0.000000000000000000e+00,0.000000000000000000e+00,0.000000000000000000e+00,-1.187737255233097533e-01,9.929213474013506291e-01
1.788340762549777269e+09,-8.485578666438335915e-01,1.301646090841040992e+00,0.000000000000000000e+00,0.000000000000000000e+00,0.000000000000000000e+00,-1.238436418507249809e-01,9.923017446186160884e-01
1.788340762649660110e+09,-7.862399974427680682e-01,1.296566383897332697e+00,0.000000000000000000e+00,0.000000000000000000e+00,0.000000000000000000e+00,-1.304843146695965905e-01,9.914503737581654708e-01
1.788340762749855995e+09,-7.189015161579750401e-01,1.286661663059909921e+00,0.000000000000000000e+00,0.000000000000000000e+00,0.000000000000000000e+00,-1.469949648438014511e-01,9.891372403820258841e-01
1.788340762849732876e+09,-6.509222206823108703e-01,1.279485347613150470e+00,0.000000000000000000e+00,0.000000000000000000e+00,0.000000000000000000e+00,-1.484594011627035359e-01,9.889185033188586660e-01
1.788340762949743271e+09,-5.809803909646854558e-01,1.266037714867339403e+00,0.000000000000000000e+00,0.000000000000000000e+00,0.000000000000000000e+00,-1.595139541845753961e-01,9.871956738258131914e-01
1.788340763049847603e+09,-5.079109716181005041e-01,1.249919190224404231e+00,0.000000000000000000e+00,0.000000000000000000e+00,0.000000000000000000e+00,-1.732440237993750631e-01,9.848789307411349725e-01
1.788340763149837494e+09,-4.311762841061934637e-01,1.232296261095183310e+00,0.000000000000000000e+00,0.000000000000000000e+00,0.000000000000000000e+00,-1.795380009636907137e-01,9.837510387338667117e-01
1.788340763249635458e+09,-3.603937053641759203e-01,1.215154434126795024e+00,0.000000000000000000e+00,0.000000000000000000e+00,0.000000000000000000e+00,-1.886891912145382821e-01,9.820368573117831401e-01
1.788340763349753380e+09,-2.816678314751897005e-01,1.192539526783813697e+00,0.000000000000000000e+00,0.000000000000000000e+00,0.000000000000000000e+00,-1.954643335059851050e-01,9.807108107526198992e-01
1.788340763449822187e+09,-2.006976883860465133e-01,1.168230252940123171e+00,0.000000000000000000e+00,0.000000000000000000e+00,0.000000000000000000e+00,-1.988433460617929915e-01,9.800312871163603390e-01
1.788340763549857140e+09,-1.175245203429025054e-01,1.139831381018562739e+00,0.000000000000000000e+00,0.000000000000000000e+00,0.000000000000000000e+00,-2.041276715490807636e-01,9.789442750779794311e-01
1.788340763649763584e+09,-3.190237861141342890e-02,1.108002689255909168e+00,0.000000000000000000e+00,0.000000000000000000e+00,0.000000000000000000e+00,-2.096957716923784354e-01,9.777666814400755024e-01
1.788340763749699116e+09,5.630951464292599518e-02,1.073180438815106053e+00,0.000000000000000000e+00,0.000000000000000000e+00,0.000000000000000000e+00,-2.122893979260500052e-01,9.772068417321867484e-01
1.788340763849676132e+09,1.495331872515108795e-01,1.035862893908279458e+00,0.000000000000000000e+00,0.000000000000000000e+00,0.000000000000000000e+00,-2.091073165627403418e-01,9.778926986944580513e-01
1.788340763949718952e+09,2.487429136901020410e-01,9.958909466553924617e-01,0.000000000000000000e+00,0.000000000000000000e+00,0.000000000000000000e+00,-2.021625391261796523e-01,9.793519835963245823e-01
1.788340764049654245e+09,3.447569498335694149e-01,9.564061166935575731e-01,0.000000000000000000e+00,0.000000000000000000e+00,0.000000000000000000e+00,-1.947332344284781747e-01,9.808562419687318901e-01
1.788340764149847507e+09,4.442863094317779371e-01,9.130127672358883117e-01,0.000000000000000000e+00,0.000000000000000000e+00,0.000000000000000000e+00,-1.921516366583692348e-01,9.813652472599129206e-01
1.788340764249723196e+09,5.504947119952396939e-01,8.695082097187161185e-01,0.000000000000000000e+00,0.000000000000000000e+00,0.000000000000000000e+00,-1.845847238064427243e-01,9.828166053426750093e-01
1.788340764349794865e+09,6.632618319587102462e-01,8.282366065027413349e-01,0.000000000000000000e+00,0.000000000000000000e+00,0.000000000000000000e+00,-1.763153977453957300e-01,9.843337241595875309e-01
1.788340764449734211e+09,7.778355328020278847e-01,7.902425136171531417e-01,0.000000000000000000e+00,0.000000000000000000e+00,0.000000000000000000e+00,-1.609271894757776933e-01,9.869662809272802262e-01
1.788340764549797773e+09,8.725462727648798378e-01,7.590064769878894779e-01,0.000000000000000000e+00,0.000000000000000000e+00,0.000000000000000000e+00,-1.516262082925466659e-01,9.884379054643873674e-01
1.788340764649669170e+09,9.364997492750131158e-01,7.446039167523013091e-01,0.000000000000000000e+00,0.000000000000000000e+00,0.000000000000000000e+00,-1.363903331053709922e-01,9.906551756466049907e-01
1.788340764749700308e+09,9.634803781991858607e-01,7.383963286640460311e-01,0.000000000000000000e+00,0.000000000000000000e+00,0.000000000000000000e+00,-1.265455796040214909e-01,9.919607937225554117e-01
1.788340764849876165e+09,9.596097311998428303e-01,7.407215652425025443e-01,0.000000000000000000e+00,0.000000000000000000e+00,0.000000000000000000e+00,-1.182431432967652185e-01,9.929846721190113135e-01
1.788340764949709654e+09,9.387044277218299371e-01,7.496137102286448695e-01,0.000000000000000000e+00,0.000000000000000000e+00,0.000000000000000000e+00,-1.098004500601822697e-01,9.939536514177013116e-01
1.788340765049747944e+09,9.123927032239178558e-01,7.532503317639878126e-01,0.000000000000000000e+00,0.000000000000000000e+00,0.000000000000000000e+00,-1.062269550500173632e-01,9.943419100192857352e-01
1.788340765149755955e+09,8.819415806129660140e-01,7.571774291855686290e-01,0.000000000000000000e+00,0.000000000000000000e+00,0.000000000000000000e+00,-1.015321352609048072e-01,9.948322599862557958e-01
1.788340765249659538e+09,8.450498491304641036e-01,7.583685707381526697e-01,0.000000000000000000e+00,0.000000000000000000e+00,0.000000000000000000e+00,-9.485556191095910472e-02,9.954910458535306539e-01
1.788340765349823475e+09,8.022261356828219725e-01,7.570541990520045506e-01,0.000000000000000000e+00,0.000000000000000000e+00,0.000000000000000000e+00,-9.216724926287638009e-02,9.957435403573123844e-01
1.788340765449725628e+09,7.603585769623193436e-01,7.488636289407535340e-01,0.000000000000000000e+00,0.000000000000000000e+00,0.000000000000000000e+00,-9.362004433754742005e-02,9.956079988118997637e-01
1.788340765549818993e+09,7.188564284705507568e-01,7.251399993922278409e-01,0.000000000000000000e+00,0.000000000000000000e+00,0.000000000000000000e+00,-1.061967502100864824e-01,9.943451363811344201e-01
1.788340765649838448e+09,6.728966755542473699e-01,7.040772325889292915e-01,0.000000000000000000e+00,0.000000000000000000e+00,0.000000000000000000e+00,-1.214521846903527658e-01,9.925972833097722603e-01
1.788340765749810934e+09,6.251632032468150690e-01,6.759858539045231485e-01,0.000000000000000000e+00,0.000000000000000000e+00,0.000000000000000000e+00,-1.433163285818871979e-01,9.896769321156316801e-01
1.788340765849682331e+09,5.752645229549564476e-01,6.487348599774209745e-01,0.000000000000000000e+00,0.000000000000000000e+00,0.000000000000000000e+00,-1.590284686321979946e-01,9.872739975125942591e-01
1.788340765949809551e+09,5.205351335403936019e-01,6.235144197566873103e-01,0.000000000000000000e+00,0.000000000000000000e+00,0.000000000000000000e+00,-1.807745347941455416e-01,9.835245637857552570e-01
1.788340766049820900e+09,4.580272199144972411e-01,6.009034748741830523e-01,0.000000000000000000e+00,0.000000000000000000e+00,0.000000000000000000e+00,-2.052223070199465926e-01,9.787153849313959819e-01
1.788340766149751663e+09,3.954999150727906976e-01,6.095248453469503946e-01,0.000000000000000000e+00,0.000000000000000000e+00,0.000000000000000000e+00,-2.045672130295398961e-01,9.788525197154712698e-01
1.788340766249817848e+09,3.299261177082923879e-01,6.479704728052253504e-01,0.000000000000000000e+00,0.000000000000000000e+00,0.000000000000000000e+00,-1.906473780583729238e-01,9.816585848651596669e-01
1.788340766349692583e+09,2.640114862619546976e-01,7.135817113356941466e-01,0.000000000000000000e+00,0.000000000000000000e+00,0.000000000000000000e+00,-1.611518373399826176e-01,9.869296253137543884e-01
1.788340766449824810e+09,1.909009089877728993e-01,7.928188828079150152e-01,0.000000000000000000e+00,0.000000000000000000e+00,0.000000000000000000e+00,-1.133812556002307542e-01,9.935515542127218991e-01
1.788340766549769640e+09,1.111974541637921199e-01,8.694339845771001940e-01,0.000000000000000000e+00,0.000000000000000000e+00,0.000000000000000000e+00,-7.142419252602039137e-02,9.974460309821309156e-01
1.788340766649702072e+09,2.373358431849603711e-02,9.358101879872702256e-01,0.000000000000000000e+00,0.000000000000000000e+00,0.000000000000000000e+00,-3.489048242122150256e-02,9.993911417640313211e-01
1.788340766749766111e+09,-5.867268450865292806e-02,9.574510098854316364e-01,0.000000000000000000e+00,0.000000000000000000e+00,0.000000000000000000e+00,-1.550751598611204915e-02,9.998797512440885660e-01
1.788340766849711418e+09,-1.332745875961574011e-01,9.477905512539108734e-01,0.000000000000000000e+00,0.000000000000000000e+00,0.000000000000000000e+00,-2.664056486139261895e-02,9.996450771668242696e-01
1.788340766949747324e+09,-1.995644477140992024e-01,8.992890789399812235e-01,0.000000000000000000e+00,0.000000000000000000e+00,0.000000000000000000e+00,-5.548830823866211098e-02,9.984593370031707993e-01
1.788340767049863577e+09,-2.626167275795929790e-01,8.327414695534784972e-01,0.000000000000000000e+00,0.000000000000000000e+00,0.000000000000000000e+00,-1.032065624726084818e-01,9.946599446356466645e-01
1.788340767149701118e+09,-3.297435782988036301e-01,7.603572377849632247e-01,0.000000000000000000e+00,0.000000000000000000e+00,0.000000000000000000e+00,-1.556304129978749728e-01,9.878153544818538689e-01
1.788340767249839783e+09,-4.055291427589107212e-01,6.980805455429637263e-01,0.000000000000000000e+00,0.000000000000000000e+00,0.000000000000000000e+00,-2.092508884926491675e-01,9.778619870232388989e-01
1.788340767349675655e+09,-4.869643232248730413e-01,6.535323966099777504e-01,0.000000000000000000e+00,0.000000000000000000e+00,0.000000000000000000e+00,-2.562884486331638567e-01,9.666003471431230398e-01
1.788340767449747324e+09,-5.788495827613789890e-01,6.322741580731803257e-01,0.000000000000000000e+00,0.000000000000000000e+00,0.000000000000000000e+00,-2.913232519638038198e-01,9.566246718882144284e-01
1.788340767549812555e+09,-6.465228276196729462e-01,6.677896159474623339e-01,0.000000000000000000e+00,0.000000000000000000e+00,0.000000000000000000e+00,-2.964822754730891408e-01,9.550383554236443473e-01
1.788340767649781704e+09,-7.114885526995020637e-01,7.512569750095696719e-01,0.000000000000000000e+00,0.000000000000000000e+00,0.000000000000000000e+00,-2.730854452846204206e-01,9.619897814289404270e-01
1.788340767749624729e+09,-7.678225238678356712e-01,8.772191873583967681e-01,0.000000000000000000e+00,0.000000000000000000e+00,0.000000000000000000e+00,-2.235027769794174501e-01,9.747032926396056451e-01
1.788340767849780798e+09,-8.309162884337347732e-01,1.038392180398027831e+00,0.000000000000000000e+00,0.000000000000000000e+00,0.000000000000000000e+00,-1.375514550387150203e-01,9.904946225077309041e-01
1.788340767949812889e+09,-9.238192447077663294e-01,1.219323245343861384e+00,0.000000000000000000e+00,0.000000000000000000e+00,0.000000000000000000e+00,-1.958222703395244915e-02,9.998082498081273251e-01
1.788340768049683809e+09,-1.060068428319149714e+00,1.379344509274992303e+00,0.000000000000000000e+00,0.000000000000000000e+00,0.000000000000000000e+00,1.157236526072043664e-01,9.932814486474852433e-01
1.788340768149719954e+09,-1.206780197314056391e+00,1.462621098110527207e+00,0.000000000000000000e+00,0.000000000000000000e+00,0.000000000000000000e+00,2.302372790990558360e-01,9.731345206666256464e-01
1.788340768249790430e+09,-1.302375746231868581e+00,1.491059735580012591e+00,0.000000000000000000e+00,0.000000000000000000e+00,0.000000000000000000e+00,2.998447307727362676e-01,9.539880174445720673e-01
1.788340768349773169e+09,-1.331982119537144627e+00,1.485350225301032001e+00,0.000000000000000000e+00,0.000000000000000000e+00,0.000000000000000000e+00,3.251671760804275557e-01,9.456565484359954477e-01
1.788340768449732542e+09,-1.336033893882935475e+00,1.456379489339587607e+00,0.000000000000000000e+00,0.000000000000000000e+00,0.000000000000000000e+00,3.210003160402587485e-01,9.470790870365863867e-01
1.788340768549860477e+09,-1.329176094400484454e+00,1.429869351362850871e+00,0.000000000000000000e+00,0.000000000000000000e+00,0.000000000000000000e+00,3.210670423056379286e-01,9.470564684036055780e-01
1.788340768649870157e+09,-1.317067930745457804e+00,1.419868062032734635e+00,0.000000000000000000e+00,0.000000000000000000e+00,0.000000000000000000e+00,3.203203204074694388e-01,9.473092907461934109e-01
1.788340768749841452e+09,-1.303622835234148125e+00,1.423539660715176902e+00,0.000000000000000000e+00,0.000000000000000000e+00,0.000000000000000000e+00,3.188608072292001827e-01,9.478015539199874384e-01
1.788340768849739790e+09,-1.289082192386395098e+00,1.434298559616664637e+00,0.000000000000000000e+00,0.000000000000000000e+00,0.000000000000000000e+00,3.183743262980230915e-01,9.479650776026931069e-01
1.788340768949882984e+09,-1.280062059863422697e+00,1.448371308370689059e+00,0.000000000000000000e+00,0.000000000000000000e+00,0.000000000000000000e+00,3.186733421839019753e-01,9.478646005529174356e-01
1.788340769049826384e+09,-1.273339993144676052e+00,1.461714043733697732e+00,0.000000000000000000e+00,0.000000000000000000e+00,0.000000000000000000e+00,3.185378689437546318e-01,9.479101360618376049e-01
1.788340769149664164e+09,-1.270537793423023087e+00,1.472178977041063153e+00,0.000000000000000000e+00,0.000000000000000000e+00,0.000000000000000000e+00,3.180074862200483188e-01,9.480882019664657046e-01
1.788340769249819994e+09,-1.270873365113856845e+00,1.477758529336089977e+00,0.000000000000000000e+00,0.000000000000000000e+00,0.000000000000000000e+00,3.177791676699482926e-01,9.481647539299248306e-01
1.788340769349738359e+09,-1.275494166335390034e+00,1.479933415485497505e+00,0.000000000000000000e+00,0.000000000000000000e+00,0.000000000000000000e+00,3.175497678312508287e-01,9.482416068441199553e-01
1.788340769449672222e+09,-1.282652002580319195e+00,1.477788890710160175e+00,0.000000000000000000e+00,0.000000000000000000e+00,0.000000000000000000e+00,3.175661030281414776e-01,9.482361363117942643e-01
1.788340769549635410e+09,-1.288947852573791852e+00,1.475137194896378512e+00,0.000000000000000000e+00,0.000000000000000000e+00,0.000000000000000000e+00,3.175575285045313390e-01,9.482390078931017818e-01
1.788340769649814129e+09,-1.295368009704487289e+00,1.469411720904864715e+00,0.000000000000000000e+00,0.000000000000000000e+00,0.000000000000000000e+00,3.177041351086364873e-01,9.481898979291401020e-01
1.788340769749848127e+09,-1.301395049944614524e+00,1.465026863158130688e+00,0.000000000000000000e+00,0.000000000000000000e+00,0.000000000000000000e+00,3.178998758061798990e-01,9.481242898282984388e-01
1.788340769849690914e+09,-1.306267911848058461e+00,1.461965582475953873e+00,0.000000000000000000e+00,0.000000000000000000e+00,0.000000000000000000e+00,3.179328168676659461e-01,9.481132442691595497e-01
1.788340769949756384e+09,-1.309863291591938594e+00,1.461210041177229524e+00,0.000000000000000000e+00,0.000000000000000000e+00,0.000000000000000000e+00,3.178151020724114262e-01,9.481527096911671615e-01
1.788340770049796581e+09,-1.310416916500420914e+00,1.461711443878904504e+00,0.000000000000000000e+00,0.000000000000000000e+00,0.000000000000000000e+00,3.178821803538775526e-01,9.481302228140736643e-01
1.788340770149761200e+09,-1.309531257616561861e+00,1.463447403634374755e+00,0.000000000000000000e+00,0.000000000000000000e+00,0.000000000000000000e+00,3.177411871548704858e-01,9.481774823235433747e-01
1.788340770249732256e+09,-1.307214550210533233e+00,1.464791229327748745e+00,0.000000000000000000e+00,0.000000000000000000e+00,0.000000000000000000e+00,3.176761191306469723e-01,9.481992846095650407e-01
1.788340770349733114e+09,-1.304220690799757110e+00,1.465638230316688828e+00,0.000000000000000000e+00,0.000000000000000000e+00,0.000000000000000000e+00,3.177254217455568464e-01,9.481827652813608065e-01
1.788340770449772596e+09,-1.301311453695945364e+00,1.466242069863756381e+00,0.000000000000000000e+00,0.000000000000000000e+00,0.000000000000000000e+00,3.174965371968870298e-01,9.482594312043437501e-01
1.788340770549713612e+09,-1.296917743861391914e+00,1.466186383729125797e+00,0.000000000000000000e+00,0.000000000000000000e+00,0.000000000000000000e+00,3.179271258236206488e-01,9.481151526399795859e-01
1.788340770649699926e+09,-1.292982815823257248e+00,1.465562009566225621e+00,0.000000000000000000e+00,0.000000000000000000e+00,0.000000000000000000e+00,3.178100237144554918e-01,9.481544119111703361e-01
1.788340770749714136e+09,-1.289930476690674288e+00,1.463979736781027885e+00,0.000000000000000000e+00,0.000000000000000000e+00,0.000000000000000000e+00,3.179039504186469411e-01,9.481229236276372818e-01
1.788340770849700928e+09,-1.288950330875770822e+00,1.463240515154611288e+00,0.000000000000000000e+00,0.000000000000000000e+00,0.000000000000000000e+00,3.178985561208179655e-01,9.481247323091510637e-01
1.788340770949825048e+09,-1.288394061909325483e+00,1.462733281576695799e+00,0.000000000000000000e+00,0.000000000000000000e+00,0.000000000000000000e+00,3.176887578869276307e-01,9.481950501411938736e-01
1.788340771049725294e+09,-1.288375233849958335e+00,1.462985184295745533e+00,0.000000000000000000e+00,0.000000000000000000e+00,0.000000000000000000e+00,3.177565123486619791e-01,9.481723466016158675e-01
1.788340771149767637e+09,-1.287770580114218300e+00,1.464319409347893064e+00,0.000000000000000000e+00,0.000000000000000000e+00,0.000000000000000000e+00,3.179115148969215987e-01,9.481203872377940156e-01
1.788340771249803305e+09,-1.288989959318029621e+00,1.465690643094337053e+00,0.000000000000000000e+00,0.000000000000000000e+00,0.000000000000000000e+00,3.178530671213347647e-01,9.481399831889593122e-01
1.788340771349820614e+09,-1.290560692466669934e+00,1.466915222323416979e+00,0.000000000000000000e+00,0.000000000000000000e+00,0.000000000000000000e+00,3.178387828180084806e-01,9.481447717183103530e-01
1.788340771449839354e+09,-1.293821499298191124e+00,1.466855440426760637e+00,0.000000000000000000e+00,0.000000000000000000e+00,0.000000000000000000e+00,3.177282895774550808e-01,9.481818042981973171e-01
1.788340771549728632e+09,-1.297470961328748951e+00,1.467048780334290203e+00,0.000000000000000000e+00,0.000000000000000000e+00,0.000000000000000000e+00,3.178723629286089869e-01,9.481335142722162601e-01
1.788340771649688244e+09,-1.301346540586291844e+00,1.464976643602554862e+00,0.000000000000000000e+00,0.000000000000000000e+00,0.000000000000000000e+00,3.178570962783461296e-01,9.481386324507077301e-01
1.788340771749720573e+09,-1.303408868004805710e+00,1.464169960677178306e+00,0.000000000000000000e+00,0.000000000000000000e+00,0.000000000000000000e+00,3.177009320241211410e-01,9.481909711608756952e-01
